txt,confidence,vertices,boundBox,slopes,width,height,direction,mid_point,crop_idx,Left,Top
ated,100,"[(0, 187), (74, 194), (71, 226), (0, 219)]","{'Width': 74, 'Height': 39, 'Left': 0, 'Top': 187}","(0.034, -3.832)",32.14031735997639,74.33034373659252,horizontal,"(36.25, 206.5)","(0, 0)",0,187
808.3,100,"[(184, 1168), (242, 1169), (242, 1183), (184, 1182)]","{'Width': 58, 'Height': 15, 'Left': 184, 'Top': 1168}","(0.006, -300.0)",14.0,58.008620049092706,horizontal,"(213.0, 1175.5)","(0, 0)",184,1168
BUC,100,"[(185, 1193), (218, 1194), (218, 1207), (185, 1206)]","{'Width': 33, 'Height': 14, 'Left': 185, 'Top': 1193}","(0.011, -300.0)",13.0,33.015148038438355,horizontal,"(201.5, 1200.0)","(0, 0)",185,1193
A,100,"[(219, 349), (219, 384), (187, 384), (187, 349)]","{'Width': 32, 'Height': 35, 'Left': 187, 'Top': 349}","(-300.0, -0.0)",32.0,35.0,vertical,"(203.0, 366.5)","(0, 0)",187,349
Writer's,100,"[(219, 398), (221, 557), (189, 557), (187, 398)]","{'Width': 34, 'Height': 159, 'Left': 187, 'Top': 398}","(28.558, -0.0)",32.0,159.0125781188394,vertical,"(204.0, 477.5)","(0, 0)",187,398
Guide,100,"[(222, 573), (224, 685), (191, 685), (189, 573)]","{'Width': 35, 'Height': 112, 'Left': 189, 'Top': 573}","(20.116, -0.0)",33.0,112.01785571952357,vertical,"(206.5, 629.0)","(0, 0)",189,573
To,100,"[(223, 697), (223, 725), (191, 725), (191, 697)]","{'Width': 32, 'Height': 28, 'Left': 191, 'Top': 697}","(-300.0, -0.0)",32.0,28.0,vertical,"(207.0, 711.0)","(0, 0)",191,697
ACTIVE,100,"[(224, 743), (226, 921), (193, 921), (191, 743)]","{'Width': 35, 'Height': 178, 'Left': 191, 'Top': 743}","(31.97, -0.0)",33.0,178.01123560045303,vertical,"(208.5, 832.0)","(0, 0)",191,743
SETTING,100,"[(227, 938), (230, 1134), (197, 1134), (194, 938)]","{'Width': 36, 'Height': 196, 'Left': 194, 'Top': 938}","(23.469, -0.0)",33.0,196.02295783912658,vertical,"(212.0, 1036.0)","(0, 0)",194,938
THE,100,"[(258, 1097), (281, 1097), (281, 1107), (258, 1107)]","{'Width': 23, 'Height': 10, 'Left': 258, 'Top': 1097}","(0.0, -300.0)",10.0,23.0,horizontal,"(269.5, 1102.0)","(0, 0)",258,1097
OF,100,"[(261, 1111), (277, 1111), (277, 1122), (261, 1122)]","{'Width': 16, 'Height': 11, 'Left': 261, 'Top': 1111}","(0.0, -300.0)",11.0,16.0,horizontal,"(269.0, 1116.5)","(0, 0)",261,1111
808.3,100,"[(262, 1176), (321, 1177), (321, 1192), (262, 1191)]","{'Width': 59, 'Height': 16, 'Left': 262, 'Top': 1176}","(0.006, -300.0)",15.0,59.00847396772772,horizontal,"(291.5, 1184.0)","(0, 0)",262,1176
CRA,100,"[(262, 1200), (299, 1201), (299, 1214), (262, 1213)]","{'Width': 37, 'Height': 14, 'Left': 262, 'Top': 1200}","(0.01, -300.0)",13.0,37.013511046643494,horizontal,"(280.5, 1207.0)","(0, 0)",262,1200
DIGEST,100,"[(275, 1126), (316, 1127), (316, 1137), (275, 1136)]","{'Width': 41, 'Height': 11, 'Left': 275, 'Top': 1126}","(0.009, -300.0)",10.0,41.012193308819754,horizontal,"(295.5, 1131.5)","(0, 0)",275,1126
CRAFTING,100,"[(308, 465), (310, 649), (278, 649), (276, 465)]","{'Width': 34, 'Height': 184, 'Left': 276, 'Top': 465}","(33.048, -0.0)",32.0,184.0108692441835,vertical,"(293.0, 557.0)","(0, 0)",276,465
DYNAMIC,100,"[(310, 664), (312, 833), (280, 833), (278, 664)]","{'Width': 34, 'Height': 169, 'Left': 278, 'Top': 664}","(30.354, -0.0)",32.0,169.01183390520322,vertical,"(295.0, 748.5)","(0, 0)",278,664
DIALOGUE,100,"[(311, 848), (313, 1038), (281, 1038), (279, 848)]","{'Width': 34, 'Height': 190, 'Left': 279, 'Top': 848}","(34.126, -0.0)",32.0,190.01052602421794,vertical,"(296.0, 943.0)","(0, 0)",279,848
FROM,100,"[(279, 1083), (312, 1083), (312, 1092), (279, 1092)]","{'Width': 33, 'Height': 9, 'Left': 279, 'Top': 1083}","(0.0, -300.0)",9.0,33.0,horizontal,"(295.5, 1087.5)","(0, 0)",279,1083
WRITER'S,100,"[(279, 1111), (335, 1111), (335, 1122), (279, 1122)]","{'Width': 56, 'Height': 11, 'Left': 279, 'Top': 1111}","(0.0, -300.0)",11.0,56.0,horizontal,"(307.0, 1116.5)","(0, 0)",279,1111
EDITOR,100,"[(284, 1097), (330, 1097), (330, 1107), (284, 1107)]","{'Width': 46, 'Height': 10, 'Left': 284, 'Top': 1097}","(0.0, -300.0)",10.0,46.0,horizontal,"(307.0, 1102.0)","(0, 0)",284,1097
STORYVILLE,100,"[(423, 227), (442, 645), (364, 648), (345, 230)]","{'Width': 97, 'Height': 421, 'Left': 345, 'Top': 227}","(7.903, -0.014)",78.05767098754612,418.43159536535956,vertical,"(393.5, 437.5)","(0, 0)",345,227
DUF,100,"[(353, 1201), (390, 1201), (390, 1215), (353, 1215)]","{'Width': 37, 'Height': 14, 'Left': 353, 'Top': 1201}","(0.0, -300.0)",14.0,37.0,horizontal,"(371.5, 1208.0)","(0, 0)",353,1201
808.3,100,"[(354, 1178), (413, 1179), (413, 1193), (354, 1192)]","{'Width': 59, 'Height': 15, 'Left': 354, 'Top': 1178}","(0.006, -300.0)",14.0,59.00847396772772,horizontal,"(383.5, 1185.5)","(0, 0)",354,1178
ILLUSTRATED,100,"[(356, 1129), (436, 1130), (436, 1149), (356, 1148)]","{'Width': 80, 'Height': 20, 'Left': 356, 'Top': 1129}","(0.004, -300.0)",19.0,80.00624975587844,horizontal,"(396.0, 1139.0)","(0, 0)",356,1129
DUFRESNE,100,"[(357, 1092), (435, 1093), (435, 1118), (357, 1117)]","{'Width': 78, 'Height': 26, 'Left': 357, 'Top': 1092}","(0.005, -300.0)",25.0,78.00640999302557,horizontal,"(396.0, 1105.0)","(0, 0)",357,1092
DV,100,"[(358, 1158), (380, 1158), (380, 1171), (358, 1171)]","{'Width': 22, 'Height': 13, 'Left': 358, 'Top': 1158}","(0.0, -300.0)",13.0,22.0,horizontal,"(369.0, 1164.5)","(0, 0)",358,1158
TO,100,"[(389, 688), (389, 723), (360, 723), (360, 688)]","{'Width': 29, 'Height': 35, 'Left': 360, 'Top': 688}","(-300.0, -0.0)",29.0,35.0,vertical,"(374.5, 705.5)","(0, 0)",360,688
JOHN,100,"[(360, 1047), (434, 1048), (434, 1084), (360, 1083)]","{'Width': 74, 'Height': 37, 'Left': 360, 'Top': 1047}","(0.005, -300.0)",36.0,74.00675644831355,horizontal,"(397.0, 1065.5)","(0, 0)",360,1047
FICTION,100,"[(390, 863), (391, 971), (362, 971), (361, 863)]","{'Width': 30, 'Height': 108, 'Left': 361, 'Top': 863}","(38.795, -0.0)",29.0,108.00462953040486,vertical,"(376.0, 917.0)","(0, 0)",361,863
!,100,"[(441, 650), (442, 677), (365, 680), (364, 653)]","{'Width': 78, 'Height': 30, 'Left': 364, 'Top': 650}","(9.699, -0.014)",77.05841939723393,27.018512172212592,vertical,"(403.0, 665.0)","(0, 0)",364,650
AN,100,"[(443, 680), (445, 731), (368, 734), (366, 683)]","{'Width': 79, 'Height': 54, 'Left': 366, 'Top': 680}","(9.16, -0.014)",77.05841939723393,51.03920062069938,vertical,"(405.5, 707.0)","(0, 0)",366,680
ILLUSTRATED,100,"[(445, 723), (453, 901), (375, 904), (367, 726)]","{'Width': 86, 'Height': 181, 'Left': 367, 'Top': 723}","(7.993, -0.014)",78.05767098754612,178.1796845883391,vertical,"(410.0, 813.5)","(0, 0)",367,723
GUIDE,100,"[(453, 908), (456, 975), (379, 978), (376, 911)]","{'Width': 80, 'Height': 70, 'Left': 376, 'Top': 908}","(8.022, -0.014)",77.05841939723393,67.06713054842886,vertical,"(416.0, 943.0)","(0, 0)",376,908
CUIN,100,"[(386, 1158), (434, 1158), (434, 1171), (386, 1171)]","{'Width': 48, 'Height': 13, 'Left': 386, 'Top': 1158}","(0.0, -300.0)",13.0,48.0,horizontal,"(410.0, 1164.5)","(0, 0)",386,1158
MAA,100,"[(462, 1213), (501, 1214), (501, 1227), (462, 1226)]","{'Width': 39, 'Height': 14, 'Left': 462, 'Top': 1213}","(0.009, -300.0)",13.0,39.01281840626232,horizontal,"(481.5, 1220.0)","(0, 0)",462,1213
808.3,100,"[(464, 1189), (525, 1190), (525, 1203), (464, 1202)]","{'Width': 61, 'Height': 14, 'Left': 464, 'Top': 1189}","(0.006, -300.0)",13.0,61.00819617067857,horizontal,"(494.5, 1196.0)","(0, 0)",464,1189
MAASS,100,"[(467, 1146), (547, 1146), (547, 1162), (467, 1162)]","{'Width': 80, 'Height': 16, 'Left': 467, 'Top': 1146}","(0.0, -300.0)",16.0,80.0,horizontal,"(507.0, 1154.0)","(0, 0)",467,1146
Craft,100,"[(528, 797), (528, 841), (480, 841), (480, 797)]","{'Width': 48, 'Height': 44, 'Left': 480, 'Top': 797}","(-300.0, -0.0)",48.0,44.0,vertical,"(504.0, 819.0)","(0, 0)",480,797
Novels,100,"[(528, 844), (528, 895), (480, 895), (480, 844)]","{'Width': 48, 'Height': 51, 'Left': 480, 'Top': 844}","(-300.0, -0.0)",48.0,51.0,vertical,"(504.0, 869.5)","(0, 0)",480,844
That,100,"[(528, 898), (528, 932), (480, 932), (480, 898)]","{'Width': 48, 'Height': 34, 'Left': 480, 'Top': 898}","(-300.0, -0.0)",48.0,34.0,vertical,"(504.0, 915.0)","(0, 0)",480,898
Stand,100,"[(528, 938), (528, 985), (480, 985), (480, 938)]","{'Width': 48, 'Height': 47, 'Left': 480, 'Top': 938}","(-300.0, -0.0)",48.0,47.0,vertical,"(504.0, 961.5)","(0, 0)",480,938
Out,100,"[(528, 987), (528, 1021), (480, 1021), (480, 987)]","{'Width': 48, 'Height': 34, 'Left': 480, 'Top': 987}","(-300.0, -0.0)",48.0,34.0,vertical,"(504.0, 1004.0)","(0, 0)",480,987
and,100,"[(528, 1024), (528, 1052), (480, 1052), (480, 1024)]","{'Width': 48, 'Height': 28, 'Left': 480, 'Top': 1024}","(-300.0, -0.0)",48.0,28.0,vertical,"(504.0, 1038.0)","(0, 0)",480,1024
Sell,100,"[(528, 1055), (528, 1087), (480, 1087), (480, 1055)]","{'Width': 48, 'Height': 32, 'Left': 480, 'Top': 1055}","(-300.0, -0.0)",48.0,32.0,vertical,"(504.0, 1071.0)","(0, 0)",480,1055
THE,100,"[(529, 377), (529, 429), (481, 429), (481, 377)]","{'Width': 48, 'Height': 52, 'Left': 481, 'Top': 377}","(-300.0, -0.0)",48.0,52.0,vertical,"(505.0, 403.0)","(0, 0)",481,377
BREAKOUT,100,"[(529, 444), (529, 633), (481, 633), (481, 444)]","{'Width': 48, 'Height': 189, 'Left': 481, 'Top': 444}","(-300.0, -0.0)",48.0,189.0,vertical,"(505.0, 538.5)","(0, 0)",481,444
NOVELIST,100,"[(529, 654), (529, 770), (481, 770), (481, 654)]","{'Width': 48, 'Height': 116, 'Left': 481, 'Top': 654}","(-300.0, -0.0)",48.0,116.0,vertical,"(505.0, 712.0)","(0, 0)",481,654
MAJ,100,"[(566, 1196), (605, 1196), (605, 1208), (566, 1208)]","{'Width': 39, 'Height': 12, 'Left': 566, 'Top': 1196}","(0.0, -300.0)",12.0,39.0,horizontal,"(585.5, 1202.0)","(0, 0)",566,1196
808.3,100,"[(569, 1171), (632, 1174), (631, 1194), (568, 1191)]","{'Width': 64, 'Height': 23, 'Left': 568, 'Top': 1171}","(0.017, -7.184)",20.024984394500787,63.071388124885914,horizontal,"(600.0, 1182.5)","(0, 0)",568,1171
THIS,100,"[(611, 424), (611, 500), (574, 500), (574, 424)]","{'Width': 37, 'Height': 76, 'Left': 574, 'Top': 424}","(-300.0, -0.0)",37.0,76.0,vertical,"(592.5, 462.0)","(0, 0)",574,424
IS,100,"[(611, 512), (611, 541), (574, 541), (574, 512)]","{'Width': 37, 'Height': 29, 'Left': 574, 'Top': 512}","(-300.0, -0.0)",37.0,29.0,vertical,"(592.5, 526.5)","(0, 0)",574,512
NOT,100,"[(611, 553), (611, 617), (574, 617), (574, 553)]","{'Width': 37, 'Height': 64, 'Left': 574, 'Top': 553}","(-300.0, -0.0)",37.0,64.0,vertical,"(592.5, 585.0)","(0, 0)",574,553
A,100,"[(611, 627), (611, 650), (574, 650), (574, 627)]","{'Width': 37, 'Height': 23, 'Left': 574, 'Top': 627}","(-300.0, -0.0)",37.0,23.0,vertical,"(592.5, 638.5)","(0, 0)",574,627
WRITING,100,"[(611, 658), (611, 798), (574, 798), (574, 658)]","{'Width': 37, 'Height': 140, 'Left': 574, 'Top': 658}","(-300.0, -0.0)",37.0,140.0,vertical,"(592.5, 728.0)","(0, 0)",574,658
MANUAL,100,"[(611, 812), (611, 950), (574, 950), (574, 812)]","{'Width': 37, 'Height': 138, 'Left': 574, 'Top': 812}","(-300.0, -0.0)",37.0,138.0,vertical,"(592.5, 881.0)","(0, 0)",574,812
MAJORS,100,"[(605, 1052), (605, 1125), (583, 1125), (583, 1052)]","{'Width': 22, 'Height': 73, 'Left': 583, 'Top': 1052}","(-300.0, -0.0)",22.0,73.0,vertical,"(594.0, 1088.5)","(0, 0)",583,1052
TORONTO,100,"[(586, 276), (623, 280), (621, 295), (584, 291)]","{'Width': 39, 'Height': 19, 'Left': 584, 'Top': 276}","(0.039, -2.694)",15.132745950421556,37.21558813185679,horizontal,"(603.5, 285.5)","(0, 0)",584,276
PUB,100,"[(624, 281), (639, 283), (637, 297), (622, 295)]","{'Width': 17, 'Height': 16, 'Left': 622, 'Top': 281}","(0.048, -2.515)",14.142135623730951,15.132745950421556,horizontal,"(630.5, 289.0)","(0, 0)",622,281
08.3,100,"[(642, 1175), (687, 1177), (686, 1197), (641, 1195)]","{'Width': 46, 'Height': 22, 'Left': 641, 'Top': 1175}","(0.016, -7.184)",20.024984394500787,45.044422518220834,horizontal,"(664.0, 1186.0)","(0, 0)",641,1175
Mosley,100,"[(678, 863), (676, 1011), (644, 1010), (646, 863)]","{'Width': 34, 'Height': 148, 'Left': 644, 'Top': 863}","(-26.582, 0.011)",32.01562118716424,148.0135128966271,vertical,"(661.0, 936.75)","(0, 0)",644,863
Walter,100,"[(680, 706), (678, 842), (646, 842), (648, 706)]","{'Width': 34, 'Height': 136, 'Left': 646, 'Top': 706}","(-24.427, -0.0)",32.0,136.01470508735443,vertical,"(663.0, 774.0)","(0, 0)",646,706
FICTION,100,"[(658, 451), (658, 531), (648, 531), (648, 451)]","{'Width': 10, 'Height': 80, 'Left': 648, 'Top': 451}","(-300.0, -0.0)",10.0,80.0,vertical,"(653.0, 491.0)","(0, 0)",648,451
ELEMENTS,100,"[(677, 424), (677, 524), (666, 524), (666, 424)]","{'Width': 11, 'Height': 100, 'Left': 666, 'Top': 424}","(-300.0, -0.0)",11.0,100.0,vertical,"(671.5, 474.0)","(0, 0)",666,424
OF,100,"[(677, 537), (677, 560), (666, 560), (666, 537)]","{'Width': 11, 'Height': 23, 'Left': 666, 'Top': 537}","(-300.0, -0.0)",11.0,23.0,vertical,"(671.5, 548.5)","(0, 0)",666,537
808.3,100,"[(706, 1178), (766, 1181), (765, 1201), (705, 1198)]","{'Width': 61, 'Height': 23, 'Left': 705, 'Top': 1178}","(0.018, -7.184)",20.024984394500787,60.07495318350236,horizontal,"(735.5, 1189.5)","(0, 0)",705,1178
PIE,100,"[(706, 1203), (739, 1203), (739, 1215), (706, 1215)]","{'Width': 33, 'Height': 12, 'Left': 706, 'Top': 1203}","(0.0, -300.0)",12.0,33.0,horizontal,"(722.5, 1209.0)","(0, 0)",706,1203
A,100,"[(729, 520), (729, 534), (713, 534), (713, 520)]","{'Width': 16, 'Height': 14, 'Left': 713, 'Top': 520}","(-300.0, -0.0)",16.0,14.0,vertical,"(721.0, 527.0)","(0, 0)",713,520
Pocket,100,"[(729, 540), (729, 585), (713, 585), (713, 540)]","{'Width': 16, 'Height': 45, 'Left': 713, 'Top': 540}","(-300.0, -0.0)",16.0,45.0,vertical,"(721.0, 562.5)","(0, 0)",713,540
Guide,100,"[(729, 589), (729, 631), (713, 631), (713, 589)]","{'Width': 16, 'Height': 42, 'Left': 713, 'Top': 589}","(-300.0, -0.0)",16.0,42.0,vertical,"(721.0, 610.0)","(0, 0)",713,589
to,100,"[(729, 637), (729, 649), (713, 649), (713, 637)]","{'Width': 16, 'Height': 12, 'Left': 713, 'Top': 637}","(-300.0, -0.0)",16.0,12.0,vertical,"(721.0, 643.0)","(0, 0)",713,637
Writing,100,"[(729, 656), (729, 707), (713, 707), (713, 656)]","{'Width': 16, 'Height': 51, 'Left': 713, 'Top': 656}","(-300.0, -0.0)",16.0,51.0,vertical,"(721.0, 681.5)","(0, 0)",713,656
Your,100,"[(729, 713), (729, 746), (713, 746), (713, 713)]","{'Width': 16, 'Height': 33, 'Left': 713, 'Top': 713}","(-300.0, -0.0)",16.0,33.0,vertical,"(721.0, 729.5)","(0, 0)",713,713
Way,100,"[(729, 751), (729, 781), (713, 781), (713, 751)]","{'Width': 16, 'Height': 30, 'Left': 713, 'Top': 751}","(-300.0, -0.0)",16.0,30.0,vertical,"(721.0, 766.0)","(0, 0)",713,751
Out,100,"[(729, 786), (729, 815), (713, 815), (713, 786)]","{'Width': 16, 'Height': 29, 'Left': 713, 'Top': 786}","(-300.0, -0.0)",16.0,29.0,vertical,"(721.0, 800.5)","(0, 0)",713,786
of,100,"[(729, 819), (729, 836), (713, 836), (713, 819)]","{'Width': 16, 'Height': 17, 'Left': 713, 'Top': 819}","(-300.0, -0.0)",16.0,17.0,vertical,"(721.0, 827.5)","(0, 0)",713,819
It,100,"[(729, 838), (729, 850), (713, 850), (713, 838)]","{'Width': 16, 'Height': 12, 'Left': 713, 'Top': 838}","(-300.0, -0.0)",16.0,12.0,vertical,"(721.0, 844.0)","(0, 0)",713,838
DBC,100,"[(757, 1009), (757, 1079), (726, 1079), (726, 1009)]","{'Width': 31, 'Height': 70, 'Left': 726, 'Top': 1009}","(-300.0, -0.0)",31.0,70.0,vertical,"(741.5, 1044.0)","(0, 0)",726,1009
PIERI,100,"[(756, 1094), (756, 1174), (726, 1174), (726, 1094)]","{'Width': 30, 'Height': 80, 'Left': 726, 'Top': 1094}","(-300.0, -0.0)",30.0,80.0,vertical,"(741.0, 1134.0)","(0, 0)",726,1094
RELEASE,100,"[(770, 511), (771, 666), (739, 666), (738, 511)]","{'Width': 33, 'Height': 155, 'Left': 738, 'Top': 511}","(55.678, -0.0)",32.0,155.00322577288512,vertical,"(754.5, 588.5)","(0, 0)",738,511
THE,100,"[(770, 680), (770, 752), (739, 752), (739, 680)]","{'Width': 31, 'Height': 72, 'Left': 739, 'Top': 680}","(-300.0, -0.0)",31.0,72.0,vertical,"(754.5, 716.0)","(0, 0)",739,680
BATS,100,"[(771, 766), (771, 854), (740, 854), (740, 766)]","{'Width': 31, 'Height': 88, 'Left': 740, 'Top': 766}","(-300.0, -0.0)",31.0,88.0,vertical,"(755.5, 810.0)","(0, 0)",740,766
808.3,100,"[(796, 1184), (853, 1184), (853, 1198), (796, 1198)]","{'Width': 57, 'Height': 14, 'Left': 796, 'Top': 1184}","(0.0, -300.0)",14.0,57.0,horizontal,"(824.5, 1191.0)","(0, 0)",796,1184
SOB,100,"[(796, 1207), (828, 1207), (828, 1219), (796, 1219)]","{'Width': 32, 'Height': 12, 'Left': 796, 'Top': 1207}","(0.0, -300.0)",12.0,32.0,horizontal,"(812.0, 1213.0)","(0, 0)",796,1207
THE,100,"[(851, 300), (851, 382), (810, 382), (810, 300)]","{'Width': 41, 'Height': 82, 'Left': 810, 'Top': 300}","(-300.0, -0.0)",41.0,82.0,vertical,"(830.5, 341.0)","(0, 0)",810,300
WRITER'S,100,"[(851, 398), (851, 614), (810, 614), (810, 398)]","{'Width': 41, 'Height': 216, 'Left': 810, 'Top': 398}","(-300.0, -0.0)",41.0,216.0,vertical,"(830.5, 506.0)","(0, 0)",810,398
GUIDE,100,"[(851, 633), (851, 715), (810, 715), (810, 633)]","{'Width': 41, 'Height': 82, 'Left': 810, 'Top': 633}","(-300.0, -0.0)",41.0,82.0,vertical,"(830.5, 674.0)","(0, 0)",810,633
TO,100,"[(851, 722), (851, 754), (810, 754), (810, 722)]","{'Width': 41, 'Height': 32, 'Left': 810, 'Top': 722}","(-300.0, -0.0)",41.0,32.0,vertical,"(830.5, 738.0)","(0, 0)",810,722
WEAPONS,100,"[(851, 770), (851, 999), (810, 999), (810, 770)]","{'Width': 41, 'Height': 229, 'Left': 810, 'Top': 770}","(-300.0, -0.0)",41.0,229.0,vertical,"(830.5, 884.5)","(0, 0)",810,770
SOBIECK,100,"[(840, 1058), (841, 1139), (822, 1139), (821, 1058)]","{'Width': 20, 'Height': 81, 'Left': 821, 'Top': 1058}","(29.097, -0.0)",19.0,81.00617260431454,vertical,"(831.0, 1098.5)","(0, 0)",821,1058
808.3,100,"[(888, 1171), (946, 1172), (946, 1186), (888, 1185)]","{'Width': 58, 'Height': 15, 'Left': 888, 'Top': 1171}","(0.006, -300.0)",14.0,58.008620049092706,horizontal,"(917.0, 1178.5)","(0, 0)",888,1171
TRU,100,"[(888, 1196), (922, 1196), (922, 1207), (888, 1207)]","{'Width': 34, 'Height': 11, 'Left': 888, 'Top': 1196}","(0.0, -300.0)",11.0,34.0,horizontal,"(905.0, 1201.5)","(0, 0)",888,1196
TRUBY,100,"[(964, 1055), (963, 1167), (936, 1167), (937, 1055)]","{'Width': 28, 'Height': 112, 'Left': 936, 'Top': 1055}","(-40.232, -0.0)",27.0,112.0044641967453,vertical,"(950.0, 1111.0)","(0, 0)",936,1055
",",100,"[(962, 1171), (962, 1180), (936, 1180), (936, 1171)]","{'Width': 26, 'Height': 9, 'Left': 936, 'Top': 1171}","(-300.0, -0.0)",26.0,9.0,vertical,"(949.0, 1175.5)","(0, 0)",936,1171
JOHN,100,"[(965, 945), (964, 1039), (937, 1039), (938, 945)]","{'Width': 28, 'Height': 94, 'Left': 937, 'Top': 945}","(-33.766, -0.0)",27.0,94.00531899844816,vertical,"(951.0, 992.0)","(0, 0)",937,945
THE,100,"[(964, 391), (964, 457), (942, 457), (942, 391)]","{'Width': 22, 'Height': 66, 'Left': 942, 'Top': 391}","(-300.0, -0.0)",22.0,66.0,vertical,"(953.0, 424.0)","(0, 0)",942,391
ANATOMY,100,"[(964, 474), (964, 650), (942, 650), (942, 474)]","{'Width': 22, 'Height': 176, 'Left': 942, 'Top': 474}","(-300.0, -0.0)",22.0,176.0,vertical,"(953.0, 562.0)","(0, 0)",942,474
OF,100,"[(964, 668), (964, 709), (942, 709), (942, 668)]","{'Width': 22, 'Height': 41, 'Left': 942, 'Top': 668}","(-300.0, -0.0)",22.0,41.0,vertical,"(953.0, 688.5)","(0, 0)",942,668
GENRES,100,"[(964, 727), (964, 856), (942, 856), (942, 727)]","{'Width': 22, 'Height': 129, 'Left': 942, 'Top': 727}","(-300.0, -0.0)",22.0,129.0,vertical,"(953.0, 791.5)","(0, 0)",942,727
IHM,100,"[(1068, 1201), (1068, 1214), (1031, 1214), (1031, 1201)]","{'Width': 37, 'Height': 13, 'Left': 1031, 'Top': 1201}","(-300.0, -0.0)",37.0,13.0,vertical,"(1049.5, 1207.5)","(0, 0)",1031,1201
808.3,100,"[(1034, 1178), (1094, 1179), (1094, 1194), (1034, 1193)]","{'Width': 60, 'Height': 16, 'Left': 1034, 'Top': 1178}","(0.006, -300.0)",15.0,60.00833275470999,horizontal,"(1064.0, 1186.0)","(0, 0)",1034,1178
WHITE,100,"[(1092, 1056), (1091, 1155), (1057, 1155), (1058, 1056)]","{'Width': 35, 'Height': 99, 'Left': 1057, 'Top': 1056}","(-35.562, -0.0)",34.0,99.00505037623081,vertical,"(1074.5, 1105.5)","(0, 0)",1057,1056
THESAURUS,100,"[(1095, 754), (1093, 1025), (1058, 1025), (1060, 754)]","{'Width': 37, 'Height': 271, 'Left': 1058, 'Top': 754}","(-48.674, -0.0)",35.0,271.0073799733136,vertical,"(1076.5, 889.5)","(0, 0)",1058,754
IDEA,100,"[(1096, 637), (1095, 739), (1060, 739), (1061, 637)]","{'Width': 36, 'Height': 102, 'Left': 1060, 'Top': 637}","(-36.64, -0.0)",35.0,102.00490184299969,vertical,"(1078.0, 688.0)","(0, 0)",1060,637
WRITER'S,100,"[(1098, 407), (1096, 622), (1061, 622), (1063, 407)]","{'Width': 37, 'Height': 215, 'Left': 1061, 'Top': 407}","(-38.616, -0.0)",35.0,215.00930212434997,vertical,"(1079.5, 514.5)","(0, 0)",1061,407
THE,100,"[(1099, 304), (1098, 395), (1063, 395), (1064, 304)]","{'Width': 36, 'Height': 91, 'Left': 1063, 'Top': 304}","(-32.689, -0.0)",35.0,91.00549433962765,vertical,"(1081.0, 349.5)","(0, 0)",1063,304
808.3,100,"[(1130, 1191), (1188, 1191), (1188, 1203), (1130, 1203)]","{'Width': 58, 'Height': 12, 'Left': 1130, 'Top': 1191}","(0.0, -300.0)",12.0,58.0,horizontal,"(1159.0, 1197.0)","(0, 0)",1130,1191
OOM,100,"[(1165, 1211), (1165, 1225), (1130, 1225), (1130, 1211)]","{'Width': 35, 'Height': 14, 'Left': 1130, 'Top': 1211}","(-300.0, -0.0)",35.0,14.0,vertical,"(1147.5, 1218.0)","(0, 0)",1130,1211
Fiction,100,"[(1200, 623), (1199, 749), (1145, 749), (1146, 623)]","{'Width': 55, 'Height': 126, 'Left': 1145, 'Top': 623}","(-45.261, -0.0)",54.0,126.00396819148197,vertical,"(1172.5, 686.0)","(0, 0)",1145,623
Works,100,"[(1200, 766), (1200, 886), (1145, 886), (1145, 766)]","{'Width': 55, 'Height': 120, 'Left': 1145, 'Top': 766}","(-300.0, -0.0)",55.0,120.0,vertical,"(1172.5, 826.0)","(0, 0)",1145,766
|,100,"[(1199, 953), (1199, 979), (1145, 979), (1145, 953)]","{'Width': 54, 'Height': 26, 'Left': 1145, 'Top': 953}","(-300.0, -0.0)",54.0,26.0,vertical,"(1172.0, 966.0)","(0, 0)",1145,953
How,100,"[(1200, 522), (1200, 606), (1146, 606), (1146, 522)]","{'Width': 54, 'Height': 84, 'Left': 1146, 'Top': 522}","(-300.0, -0.0)",54.0,84.0,vertical,"(1173.0, 564.0)","(0, 0)",1146,522
JAMES,100,"[(1180, 1030), (1181, 1127), (1157, 1127), (1156, 1030)]","{'Width': 25, 'Height': 97, 'Left': 1156, 'Top': 1030}","(34.844, -0.0)",24.0,97.0051545022222,vertical,"(1168.5, 1078.5)","(0, 0)",1156,1030
WO,100,"[(1180, 1144), (1180, 1186), (1157, 1186), (1157, 1144)]","{'Width': 23, 'Height': 42, 'Left': 1157, 'Top': 1144}","(-300.0, -0.0)",23.0,42.0,vertical,"(1168.5, 1165.0)","(0, 0)",1157,1144
808.3,100,"[(1236, 1186), (1295, 1184), (1296, 1205), (1237, 1207)]","{'Width': 60, 'Height': 23, 'Left': 1236, 'Top': 1184}","(-0.012, 7.544)",21.02379604162864,59.033888572581766,horizontal,"(1266.0, 1195.5)","(0, 0)",1236,1184
SEG,100,"[(1236, 1210), (1274, 1210), (1274, 1223), (1236, 1223)]","{'Width': 38, 'Height': 13, 'Left': 1236, 'Top': 1210}","(0.0, -300.0)",13.0,38.0,horizontal,"(1255.0, 1216.5)","(0, 0)",1236,1210
You,100,"[(1283, 550), (1283, 635), (1251, 635), (1251, 550)]","{'Width': 32, 'Height': 85, 'Left': 1251, 'Top': 550}","(-300.0, -0.0)",32.0,85.0,vertical,"(1267.0, 592.5)","(0, 0)",1251,550
talkin,100,"[(1283, 651), (1283, 784), (1251, 784), (1251, 651)]","{'Width': 32, 'Height': 133, 'Left': 1251, 'Top': 651}","(-300.0, -0.0)",32.0,133.0,vertical,"(1267.0, 717.5)","(0, 0)",1251,651
',100,"[(1283, 786), (1283, 800), (1251, 800), (1251, 786)]","{'Width': 32, 'Height': 14, 'Left': 1251, 'Top': 786}","(-300.0, -0.0)",32.0,14.0,vertical,"(1267.0, 793.0)","(0, 0)",1251,786
to,100,"[(1283, 812), (1283, 860), (1251, 860), (1251, 812)]","{'Width': 32, 'Height': 48, 'Left': 1251, 'Top': 812}","(-300.0, -0.0)",32.0,48.0,vertical,"(1267.0, 836.0)","(0, 0)",1251,812
me,100,"[(1283, 874), (1283, 947), (1251, 947), (1251, 874)]","{'Width': 32, 'Height': 73, 'Left': 1251, 'Top': 874}","(-300.0, -0.0)",32.0,73.0,vertical,"(1267.0, 910.5)","(0, 0)",1251,874
?,100,"[(1283, 945), (1283, 967), (1251, 967), (1251, 945)]","{'Width': 32, 'Height': 22, 'Left': 1251, 'Top': 945}","(-300.0, -0.0)",32.0,22.0,vertical,"(1267.0, 956.0)","(0, 0)",1251,945
Seger,100,"[(1269, 395), (1269, 443), (1255, 443), (1255, 395)]","{'Width': 14, 'Height': 48, 'Left': 1255, 'Top': 395}","(-300.0, -0.0)",14.0,48.0,vertical,"(1262.0, 419.0)","(0, 0)",1255,395
Rainey,100,"[(1269, 456), (1269, 512), (1255, 512), (1255, 456)]","{'Width': 14, 'Height': 56, 'Left': 1255, 'Top': 456}","(-300.0, -0.0)",14.0,56.0,vertical,"(1262.0, 484.0)","(0, 0)",1255,456
How,100,"[(1271, 1008), (1271, 1039), (1260, 1039), (1260, 1008)]","{'Width': 11, 'Height': 31, 'Left': 1260, 'Top': 1008}","(-300.0, -0.0)",11.0,31.0,vertical,"(1265.5, 1023.5)","(0, 0)",1260,1008
to,100,"[(1271, 1046), (1271, 1062), (1260, 1062), (1260, 1046)]","{'Width': 11, 'Height': 16, 'Left': 1260, 'Top': 1046}","(-300.0, -0.0)",11.0,16.0,vertical,"(1265.5, 1054.0)","(0, 0)",1260,1046
Write,100,"[(1271, 1068), (1271, 1111), (1260, 1111), (1260, 1068)]","{'Width': 11, 'Height': 43, 'Left': 1260, 'Top': 1068}","(-300.0, -0.0)",11.0,43.0,vertical,"(1265.5, 1089.5)","(0, 0)",1260,1068
Great,100,"[(1271, 1118), (1271, 1161), (1260, 1161), (1260, 1118)]","{'Width': 11, 'Height': 43, 'Left': 1260, 'Top': 1118}","(-300.0, -0.0)",11.0,43.0,vertical,"(1265.5, 1139.5)","(0, 0)",1260,1118
D,100,"[(1271, 1166), (1271, 1176), (1260, 1176), (1260, 1166)]","{'Width': 11, 'Height': 10, 'Left': 1260, 'Top': 1166}","(-300.0, -0.0)",11.0,10.0,vertical,"(1265.5, 1171.0)","(0, 0)",1260,1166
808.5808.3,100,"[(1302, 1184), (1429, 1181), (1430, 1202), (1303, 1205)]","{'Width': 128, 'Height': 24, 'Left': 1302, 'Top': 1181}","(-0.008, 7.544)",21.02379604162864,127.03542812932147,horizontal,"(1366.0, 1193.0)","(0, 0)",1302,1181
COM,100,"[(1303, 1214), (1343, 1214), (1343, 1229), (1303, 1229)]","{'Width': 40, 'Height': 15, 'Left': 1303, 'Top': 1214}","(0.0, -300.0)",15.0,40.0,horizontal,"(1323.0, 1221.5)","(0, 0)",1303,1214
THE,100,"[(1347, 276), (1347, 339), (1322, 339), (1322, 276)]","{'Width': 25, 'Height': 63, 'Left': 1322, 'Top': 276}","(-300.0, -0.0)",25.0,63.0,vertical,"(1334.5, 307.5)","(0, 0)",1322,276
COMPLETE,100,"[(1347, 365), (1347, 550), (1322, 550), (1322, 365)]","{'Width': 25, 'Height': 185, 'Left': 1322, 'Top': 365}","(-300.0, -0.0)",25.0,185.0,vertical,"(1334.5, 457.5)","(0, 0)",1322,365
VOICE,100,"[(1347, 575), (1347, 681), (1322, 681), (1322, 575)]","{'Width': 25, 'Height': 106, 'Left': 1322, 'Top': 575}","(-300.0, -0.0)",25.0,106.0,vertical,"(1334.5, 628.0)","(0, 0)",1322,575
&,100,"[(1347, 705), (1347, 722), (1322, 722), (1322, 705)]","{'Width': 25, 'Height': 17, 'Left': 1322, 'Top': 705}","(-300.0, -0.0)",25.0,17.0,vertical,"(1334.5, 713.5)","(0, 0)",1322,705
SPEECH,100,"[(1347, 751), (1347, 885), (1322, 885), (1322, 751)]","{'Width': 25, 'Height': 134, 'Left': 1322, 'Top': 751}","(-300.0, -0.0)",25.0,134.0,vertical,"(1334.5, 818.0)","(0, 0)",1322,751
WORKOUT,100,"[(1347, 910), (1347, 1078), (1322, 1078), (1322, 910)]","{'Width': 25, 'Height': 168, 'Left': 1322, 'Top': 910}","(-300.0, -0.0)",25.0,168.0,vertical,"(1334.5, 994.0)","(0, 0)",1322,910
RODGERS,100,"[(1342, 118), (1342, 207), (1324, 207), (1324, 118)]","{'Width': 18, 'Height': 89, 'Left': 1324, 'Top': 118}","(-300.0, -0.0)",18.0,89.0,vertical,"(1333.0, 162.5)","(0, 0)",1324,118
AP,100,"[(1340, 1161), (1340, 1180), (1328, 1180), (1328, 1161)]","{'Width': 12, 'Height': 19, 'Left': 1328, 'Top': 1161}","(-300.0, -0.0)",12.0,19.0,vertical,"(1334.0, 1170.5)","(0, 0)",1328,1161
HAN,100,"[(1369, 1205), (1404, 1204), (1404, 1218), (1369, 1219)]","{'Width': 35, 'Height': 15, 'Left': 1369, 'Top': 1204}","(-0.01, -300.0)",14.0,35.014282800023196,horizontal,"(1386.5, 1211.5)","(0, 0)",1369,1204
Hanley,100,"[(1408, 929), (1406, 980), (1389, 979), (1391, 928)]","{'Width': 19, 'Height': 52, 'Left': 1389, 'Top': 928}","(-9.16, 0.021)",17.029386365926403,51.03920062069938,vertical,"(1398.5, 954.0)","(0, 0)",1389,928
COTTONWO,100,"[(1404, 1082), (1402, 1183), (1390, 1183), (1392, 1082)]","{'Width': 14, 'Height': 101, 'Left': 1390, 'Top': 1082}","(-18.14, -0.0)",12.0,101.01980003939822,vertical,"(1397.0, 1132.5)","(0, 0)",1390,1082
Victoria,100,"[(1410, 869), (1408, 926), (1391, 925), (1393, 868)]","{'Width': 19, 'Height': 58, 'Left': 1391, 'Top': 868}","(-10.238, 0.021)",17.029386365926403,57.0350769263968,vertical,"(1400.5, 897.0)","(0, 0)",1391,868
Story,100,"[(1414, 344), (1413, 397), (1394, 396), (1395, 344)]","{'Width': 20, 'Height': 53, 'Left': 1394, 'Top': 344}","(-19.038, 0.019)",19.026297590440446,53.009433122794285,vertical,"(1404.0, 370.25)","(0, 0)",1394,344
the,100,"[(1415, 310), (1414, 341), (1395, 341), (1396, 310)]","{'Width': 20, 'Height': 31, 'Left': 1395, 'Top': 310}","(-11.136, -0.0)",19.0,31.016124838541646,vertical,"(1405.0, 325.5)","(0, 0)",1395,310
Teens,100,"[(1411, 598), (1411, 637), (1395, 637), (1395, 598)]","{'Width': 16, 'Height': 39, 'Left': 1395, 'Top': 598}","(-300.0, -0.0)",16.0,39.0,vertical,"(1403.0, 617.5)","(0, 0)",1395,598
Who,100,"[(1410, 642), (1410, 679), (1395, 679), (1395, 642)]","{'Width': 15, 'Height': 37, 'Left': 1395, 'Top': 642}","(-300.0, -0.0)",15.0,37.0,vertical,"(1402.5, 660.5)","(0, 0)",1395,642
Like,100,"[(1410, 684), (1410, 716), (1395, 716), (1395, 684)]","{'Width': 15, 'Height': 32, 'Left': 1395, 'Top': 684}","(-300.0, -0.0)",15.0,32.0,vertical,"(1402.5, 700.0)","(0, 0)",1395,684
to,100,"[(1410, 719), (1410, 733), (1395, 733), (1395, 719)]","{'Width': 15, 'Height': 14, 'Left': 1395, 'Top': 719}","(-300.0, -0.0)",15.0,14.0,vertical,"(1402.5, 726.0)","(0, 0)",1395,719
Write,100,"[(1410, 739), (1410, 780), (1395, 780), (1395, 739)]","{'Width': 15, 'Height': 41, 'Left': 1395, 'Top': 739}","(-300.0, -0.0)",15.0,41.0,vertical,"(1402.5, 759.5)","(0, 0)",1395,739
Seize,100,"[(1416, 258), (1415, 305), (1396, 305), (1397, 258)]","{'Width': 20, 'Height': 47, 'Left': 1396, 'Top': 258}","(-16.883, -0.0)",19.0,47.01063709417264,vertical,"(1406.0, 281.5)","(0, 0)",1396,258
A,100,"[(1411, 472), (1411, 486), (1396, 486), (1396, 472)]","{'Width': 15, 'Height': 14, 'Left': 1396, 'Top': 472}","(-300.0, -0.0)",15.0,14.0,vertical,"(1403.5, 479.0)","(0, 0)",1396,472
Handbook,100,"[(1411, 490), (1411, 567), (1396, 567), (1396, 490)]","{'Width': 15, 'Height': 77, 'Left': 1396, 'Top': 490}","(-300.0, -0.0)",15.0,77.0,vertical,"(1403.5, 528.5)","(0, 0)",1396,490
for,100,"[(1411, 571), (1411, 592), (1396, 592), (1396, 571)]","{'Width': 15, 'Height': 21, 'Left': 1396, 'Top': 571}","(-300.0, -0.0)",15.0,21.0,vertical,"(1403.5, 581.5)","(0, 0)",1396,571
808.3,100,"[(1447, 1194), (1491, 1195), (1491, 1212), (1447, 1211)]","{'Width': 44, 'Height': 18, 'Left': 1447, 'Top': 1194}","(0.008, -300.0)",17.0,44.01136216933077,horizontal,"(1469.0, 1203.0)","(0, 0)",1447,1194
CAR,100,"[(1447, 1217), (1488, 1217), (1488, 1233), (1447, 1233)]","{'Width': 41, 'Height': 16, 'Left': 1447, 'Top': 1217}","(0.0, -300.0)",16.0,41.0,horizontal,"(1467.5, 1225.0)","(0, 0)",1447,1217
FANTASY,100,"[(1487, 832), (1487, 1005), (1455, 1005), (1455, 832)]","{'Width': 32, 'Height': 173, 'Left': 1455, 'Top': 832}","(-300.0, -0.0)",32.0,173.0,vertical,"(1471.0, 918.5)","(0, 0)",1455,832
HOW,100,"[(1488, 298), (1488, 354), (1456, 354), (1456, 298)]","{'Width': 32, 'Height': 56, 'Left': 1456, 'Top': 298}","(-300.0, -0.0)",32.0,56.0,vertical,"(1472.0, 326.0)","(0, 0)",1456,298
TO,100,"[(1488, 355), (1488, 387), (1456, 387), (1456, 355)]","{'Width': 32, 'Height': 32, 'Left': 1456, 'Top': 355}","(-300.0, -0.0)",32.0,32.0,vertical,"(1472.0, 371.0)","(0, 0)",1456,355
WRITE,100,"[(1488, 392), (1488, 456), (1456, 456), (1456, 392)]","{'Width': 32, 'Height': 64, 'Left': 1456, 'Top': 392}","(-300.0, -0.0)",32.0,64.0,vertical,"(1472.0, 424.0)","(0, 0)",1456,392
SCIENCE,100,"[(1488, 460), (1488, 624), (1456, 624), (1456, 460)]","{'Width': 32, 'Height': 164, 'Left': 1456, 'Top': 460}","(-300.0, -0.0)",32.0,164.0,vertical,"(1472.0, 542.0)","(0, 0)",1456,460
FICTION,100,"[(1488, 632), (1488, 788), (1456, 788), (1456, 632)]","{'Width': 32, 'Height': 156, 'Left': 1456, 'Top': 632}","(-300.0, -0.0)",32.0,156.0,vertical,"(1472.0, 710.0)","(0, 0)",1456,632
&,100,"[(1488, 800), (1488, 821), (1456, 821), (1456, 800)]","{'Width': 32, 'Height': 21, 'Left': 1456, 'Top': 800}","(-300.0, -0.0)",32.0,21.0,vertical,"(1472.0, 810.5)","(0, 0)",1456,800
Card,100,"[(1479, 1047), (1480, 1097), (1460, 1098), (1459, 1048)]","{'Width': 21, 'Height': 51, 'Left': 1459, 'Top': 1047}","(17.961, -0.018)",20.024984394500787,50.00999900019995,vertical,"(1469.5, 1072.5)","(0, 0)",1459,1047
SCHMIDT,100,"[(1496, 1150), (1578, 1148), (1578, 1167), (1496, 1169)]","{'Width': 82, 'Height': 21, 'Left': 1496, 'Top': 1148}","(-0.009, -300.0)",19.0,82.02438661763951,horizontal,"(1537.0, 1158.5)","(0, 0)",1496,1148
808.397808.5,100,"[(1500, 1176), (1644, 1178), (1644, 1193), (1500, 1191)]","{'Width': 144, 'Height': 17, 'Left': 1500, 'Top': 1176}","(0.005, -300.0)",15.0,144.01388821915754,horizontal,"(1572.0, 1184.5)","(0, 0)",1500,1176
SCH,100,"[(1500, 1195), (1535, 1196), (1535, 1213), (1500, 1212)]","{'Width': 35, 'Height': 18, 'Left': 1500, 'Top': 1195}","(0.01, -300.0)",17.0,35.014282800023196,horizontal,"(1517.5, 1204.0)","(0, 0)",1500,1195
CHARACTERS,100,"[(1524, 961), (1523, 1045), (1511, 1045), (1512, 961)]","{'Width': 13, 'Height': 84, 'Left': 1511, 'Top': 961}","(-30.174, -0.0)",12.0,84.00595217006948,vertical,"(1517.5, 1003.0)","(0, 0)",1511,961
ORIGINAL,100,"[(1525, 896), (1524, 956), (1512, 956), (1513, 896)]","{'Width': 13, 'Height': 60, 'Left': 1512, 'Top': 896}","(-21.553, -0.0)",12.0,60.00833275470999,vertical,"(1518.5, 926.0)","(0, 0)",1512,896
CHARACTERS,100,"[(1568, 639), (1567, 883), (1515, 883), (1516, 639)]","{'Width': 53, 'Height': 244, 'Left': 1515, 'Top': 639}","(-87.649, -0.0)",52.0,244.00204917172314,vertical,"(1541.5, 761.0)","(0, 0)",1515,639
MASTER,100,"[(1569, 458), (1568, 622), (1516, 622), (1517, 458)]","{'Width': 53, 'Height': 164, 'Left': 1516, 'Top': 458}","(-58.911, -0.0)",52.0,164.00304875214974,vertical,"(1542.5, 540.0)","(0, 0)",1516,458
45,100,"[(1569, 365), (1569, 442), (1517, 442), (1517, 365)]","{'Width': 52, 'Height': 77, 'Left': 1517, 'Top': 365}","(-300.0, -0.0)",52.0,77.0,vertical,"(1543.0, 403.5)","(0, 0)",1517,365
CREATING,100,"[(1542, 925), (1540, 987), (1527, 987), (1529, 925)]","{'Width': 15, 'Height': 62, 'Left': 1527, 'Top': 925}","(-11.136, -0.0)",13.0,62.03224967708329,vertical,"(1534.5, 956.0)","(0, 0)",1527,925
FOR,100,"[(1542, 896), (1541, 921), (1529, 921), (1530, 896)]","{'Width': 13, 'Height': 25, 'Left': 1529, 'Top': 896}","(-8.98, -0.0)",12.0,25.019992006393608,vertical,"(1535.5, 908.5)","(0, 0)",1529,896
MODELS,100,"[(1560, 950), (1559, 1002), (1547, 1002), (1548, 950)]","{'Width': 13, 'Height': 52, 'Left': 1547, 'Top': 950}","(-18.679, -0.0)",12.0,52.009614495783374,vertical,"(1553.5, 976.0)","(0, 0)",1547,950
MYTHIC,100,"[(1561, 896), (1560, 945), (1548, 945), (1549, 896)]","{'Width': 13, 'Height': 49, 'Left': 1548, 'Top': 896}","(-17.602, -0.0)",12.0,49.01020301937138,vertical,"(1554.5, 920.5)","(0, 0)",1548,896
HBR,100,"[(1587, 1202), (1624, 1202), (1624, 1215), (1587, 1215)]","{'Width': 37, 'Height': 13, 'Left': 1587, 'Top': 1202}","(0.0, -300.0)",13.0,37.0,horizontal,"(1605.5, 1208.5)","(0, 0)",1587,1202
Presenting,100,"[(1637, 892), (1634, 1101), (1591, 1100), (1594, 891)]","{'Width': 46, 'Height': 210, 'Left': 1591, 'Top': 891}","(-25.025, 0.008)",43.01162633521314,209.02152999152983,vertical,"(1614.0, 996.0)","(0, 0)",1591,891
Speaking,100,"[(1641, 622), (1638, 799), (1595, 798), (1598, 621)]","{'Width': 46, 'Height': 178, 'Left': 1595, 'Top': 621}","(-21.194, 0.008)",43.01162633521314,177.02542190318317,vertical,"(1618.0, 710.0)","(0, 0)",1595,621
and,100,"[(1638, 811), (1637, 882), (1595, 881), (1596, 810)]","{'Width': 43, 'Height': 72, 'Left': 1595, 'Top': 810}","(-25.504, 0.009)",42.01190307520001,71.00704190430693,vertical,"(1616.5, 846.0)","(0, 0)",1595,810
Public,100,"[(1643, 487), (1641, 611), (1598, 610), (1600, 486)]","{'Width': 45, 'Height': 125, 'Left': 1598, 'Top': 486}","(-22.271, 0.008)",43.01162633521314,124.01612798341996,vertical,"(1620.5, 548.5)","(0, 0)",1598,486
808.5,100,"[(1654, 1178), (1703, 1179), (1703, 1194), (1654, 1193)]","{'Width': 49, 'Height': 16, 'Left': 1654, 'Top': 1178}","(0.007, -300.0)",15.0,49.01020301937138,horizontal,"(1678.5, 1186.0)","(0, 0)",1654,1178
LIN,100,"[(1654, 1201), (1682, 1201), (1682, 1212), (1654, 1212)]","{'Width': 28, 'Height': 11, 'Left': 1654, 'Top': 1201}","(0.0, -300.0)",11.0,28.0,horizontal,"(1668.0, 1206.5)","(0, 0)",1654,1201
Krater,100,"[(1706, 966), (1705, 1049), (1658, 1048), (1659, 965)]","{'Width': 48, 'Height': 84, 'Left': 1658, 'Top': 965}","(-29.815, 0.008)",47.01063709417264,83.00602387778854,vertical,"(1682.0, 1007.0)","(0, 0)",1658,965
Voice,100,"[(1709, 813), (1707, 952), (1659, 951), (1661, 812)]","{'Width': 50, 'Height': 140, 'Left': 1659, 'Top': 812}","(-24.966, 0.007)",48.010415536631214,139.01438774457844,vertical,"(1684.0, 882.0)","(0, 0)",1659,812
NOTUROL,100,"[(1713, 597), (1710, 801), (1662, 800), (1665, 596)]","{'Width': 51, 'Height': 205, 'Left': 1662, 'Top': 596}","(-24.427, 0.007)",48.010415536631214,204.02205763103166,vertical,"(1687.5, 698.5)","(0, 0)",1662,596
THE,100,"[(1714, 490), (1713, 577), (1666, 576), (1667, 489)]","{'Width': 48, 'Height': 88, 'Left': 1666, 'Top': 489}","(-31.252, 0.008)",47.01063709417264,87.00574693662483,vertical,"(1690.0, 533.0)","(0, 0)",1666,489
FREEING,100,"[(1718, 293), (1715, 478), (1667, 477), (1670, 292)]","{'Width': 51, 'Height': 186, 'Left': 1667, 'Top': 292}","(-22.152, 0.007)",48.010415536631214,185.02432272541898,vertical,"(1692.5, 385.0)","(0, 0)",1667,292
Kristin,100,"[(1704, 974), (1703, 1019), (1687, 1019), (1688, 974)]","{'Width': 17, 'Height': 45, 'Left': 1687, 'Top': 974}","(-16.165, -0.0)",16.0,45.0111097397076,vertical,"(1695.5, 996.5)","(0, 0)",1687,974
AND,100,"[(1725, 1217), (1760, 1217), (1760, 1230), (1725, 1230)]","{'Width': 35, 'Height': 13, 'Left': 1725, 'Top': 1217}","(0.0, -300.0)",13.0,35.0,horizontal,"(1742.5, 1223.5)","(0, 0)",1725,1217
NEW,100,"[(1726, 1173), (1759, 1174), (1759, 1187), (1726, 1186)]","{'Width': 33, 'Height': 14, 'Left': 1726, 'Top': 1173}","(0.011, -300.0)",13.0,33.015148038438355,horizontal,"(1742.5, 1180.0)","(0, 0)",1726,1173
808.51,100,"[(1727, 1193), (1795, 1194), (1795, 1208), (1727, 1207)]","{'Width': 68, 'Height': 15, 'Left': 1727, 'Top': 1193}","(0.005, -300.0)",14.0,68.00735254367721,horizontal,"(1761.0, 1200.5)","(0, 0)",1727,1193
TALKS,100,"[(1815, 607), (1812, 899), (1731, 898), (1734, 606)]","{'Width': 84, 'Height': 293, 'Left': 1731, 'Top': 606}","(-34.964, 0.004)",81.00617260431454,292.0154105522515,vertical,"(1773.0, 752.5)","(0, 0)",1731,606
TED,100,"[(1818, 359), (1816, 594), (1736, 593), (1738, 358)]","{'Width': 82, 'Height': 236, 'Left': 1736, 'Top': 358}","(-42.208, 0.004)",80.00624975587844,235.00851048419503,vertical,"(1777.0, 476.0)","(0, 0)",1736,358
ANDERSOI,100,"[(1781, 1018), (1779, 1166), (1756, 1166), (1758, 1018)]","{'Width': 25, 'Height': 148, 'Left': 1756, 'Top': 1018}","(-26.582, -0.0)",23.0,148.0135128966271,vertical,"(1768.5, 1092.0)","(0, 0)",1756,1018
CHRIS,100,"[(1782, 928), (1781, 1013), (1758, 1013), (1759, 928)]","{'Width': 24, 'Height': 85, 'Left': 1758, 'Top': 928}","(-30.533, -0.0)",23.0,85.00588214941364,vertical,"(1770.0, 970.5)","(0, 0)",1758,928
MAY,100,"[(1771, 1173), (1808, 1174), (1808, 1188), (1771, 1187)]","{'Width': 37, 'Height': 15, 'Left': 1771, 'Top': 1173}","(0.01, -300.0)",14.0,37.013511046643494,horizontal,"(1789.5, 1180.5)","(0, 0)",1771,1173
HUGH,100,"[(1876, 1126), (1874, 1181), (1830, 1179), (1832, 1124)]","{'Width': 46, 'Height': 57, 'Left': 1830, 'Top': 1124}","(-9.878, 0.016)",44.04543109109048,55.036351623268054,vertical,"(1853.0, 1152.5)","(0, 0)",1830,1124
LLO,100,"[(1831, 1207), (1867, 1209), (1866, 1222), (1830, 1220)]","{'Width': 37, 'Height': 15, 'Left': 1830, 'Top': 1207}","(0.02, -4.67)",13.038404810405298,36.05551275463989,horizontal,"(1848.5, 1214.5)","(0, 0)",1830,1207
LLOYD,100,"[(1879, 1064), (1876, 1125), (1831, 1123), (1834, 1062)]","{'Width': 48, 'Height': 63, 'Left': 1831, 'Top': 1062}","(-7.304, 0.016)",45.044422518220834,61.07372593840988,vertical,"(1855.0, 1093.5)","(0, 0)",1831,1062
-,100,"[(1877, 1110), (1876, 1125), (1832, 1123), (1833, 1108)]","{'Width': 45, 'Height': 17, 'Left': 1832, 'Top': 1108}","(-5.388, 0.016)",44.04543109109048,15.033296378372908,vertical,"(1854.5, 1116.5)","(0, 0)",1832,1108
808.51,100,"[(1833, 1183), (1901, 1189), (1899, 1204), (1832, 1198)]","{'Width': 69, 'Height': 21, 'Left': 1832, 'Top': 1183}","(0.032, -2.694)",15.132745950421556,68.26419266350405,horizontal,"(1866.25, 1193.5)","(0, 0)",1832,1183
situation,100,"[(1884, 956), (1880, 1038), (1836, 1036), (1839, 954)]","{'Width': 48, 'Height': 84, 'Left': 1836, 'Top': 954}","(-7.364, 0.016)",44.04543109109048,82.09750300709517,vertical,"(1859.75, 996.0)","(0, 0)",1836,954
.,100,"[(1880, 1034), (1879, 1046), (1836, 1044), (1836, 1032)]","{'Width': 44, 'Height': 14, 'Left': 1836, 'Top': 1032}","(-4.311, 0.017)",43.04648650006177,12.041594578792296,vertical,"(1857.75, 1039.0)","(0, 0)",1836,1032
Any,100,"[(1885, 914), (1883, 961), (1839, 959), (1841, 912)]","{'Width': 46, 'Height': 49, 'Left': 1839, 'Top': 912}","(-8.442, 0.016)",44.04543109109048,47.042533945356304,vertical,"(1862.0, 936.5)","(0, 0)",1839,912
SPEAKING,100,"[(1897, 652), (1887, 895), (1842, 893), (1852, 650)]","{'Width': 55, 'Height': 245, 'Left': 1842, 'Top': 650}","(-8.729, 0.016)",45.044422518220834,243.20567427590993,vertical,"(1869.5, 772.5)","(0, 0)",1842,650
PUBLIC,100,"[(1905, 464), (1897, 645), (1852, 643), (1860, 462)]","{'Width': 53, 'Height': 183, 'Left': 1852, 'Top': 462}","(-8.127, 0.016)",45.044422518220834,181.1767093199344,vertical,"(1878.5, 553.5)","(0, 0)",1852,462
brilliant,100,"[(1878, 360), (1876, 427), (1860, 427), (1862, 360)]","{'Width': 18, 'Height': 67, 'Left': 1860, 'Top': 360}","(-12.034, -0.0)",16.0,67.02984409947557,vertical,"(1869.0, 393.5)","(0, 0)",1860,360
at,100,"[(1876, 431), (1876, 450), (1860, 450), (1860, 431)]","{'Width': 16, 'Height': 19, 'Left': 1860, 'Top': 431}","(-300.0, -0.0)",16.0,19.0,vertical,"(1868.0, 440.5)","(0, 0)",1860,431
SARAH,100,"[(1883, 1101), (1882, 1163), (1868, 1163), (1869, 1101)]","{'Width': 15, 'Height': 62, 'Left': 1868, 'Top': 1101}","(-22.271, -0.0)",14.0,62.00806399170998,vertical,"(1875.5, 1132.0)","(0, 0)",1868,1101
audience,100,"[(1887, 955), (1886, 1042), (1870, 1042), (1871, 955)]","{'Width': 17, 'Height': 87, 'Left': 1870, 'Top': 955}","(-31.252, -0.0)",16.0,87.00574693662483,vertical,"(1878.5, 998.5)","(0, 0)",1870,955
.,100,"[(1885, 1042), (1885, 1047), (1870, 1047), (1870, 1042)]","{'Width': 15, 'Height': 5, 'Left': 1870, 'Top': 1042}","(-300.0, -0.0)",15.0,5.0,vertical,"(1877.5, 1044.5)","(0, 0)",1870,1042
How,100,"[(1902, 359), (1901, 397), (1885, 397), (1886, 359)]","{'Width': 17, 'Height': 38, 'Left': 1885, 'Top': 359}","(-13.65, -0.0)",16.0,38.01315561749642,vertical,"(1893.5, 378.0)","(0, 0)",1885,359
be,100,"[(1901, 427), (1901, 452), (1885, 452), (1885, 427)]","{'Width': 16, 'Height': 25, 'Left': 1885, 'Top': 427}","(-300.0, -0.0)",16.0,25.0,vertical,"(1893.0, 439.5)","(0, 0)",1885,427
to,100,"[(1901, 403), (1901, 422), (1886, 422), (1886, 403)]","{'Width': 15, 'Height': 19, 'Left': 1886, 'Top': 403}","(-300.0, -0.0)",15.0,19.0,vertical,"(1893.5, 412.5)","(0, 0)",1886,403
808,100,"[(1919, 1190), (1953, 1193), (1952, 1208), (1918, 1205)]","{'Width': 35, 'Height': 18, 'Left': 1918, 'Top': 1190}","(0.032, -5.388)",15.033296378372908,34.132096331752024,horizontal,"(1935.5, 1199.0)","(0, 0)",1918,1190
OOM,100,"[(1953, 1215), (1953, 1229), (1918, 1229), (1918, 1215)]","{'Width': 35, 'Height': 14, 'Left': 1918, 'Top': 1215}","(-300.0, -0.0)",35.0,14.0,vertical,"(1935.5, 1222.0)","(0, 0)",1918,1215
SPEAKING,100,"[(1943, 929), (1940, 1054), (1919, 1054), (1922, 929)]","{'Width': 24, 'Height': 125, 'Left': 1919, 'Top': 929}","(-14.967, -0.0)",21.0,125.03599481749245,vertical,"(1931.0, 991.5)","(0, 0)",1919,929
TO,100,"[(1962, 870), (1961, 906), (1930, 906), (1931, 870)]","{'Width': 32, 'Height': 36, 'Left': 1930, 'Top': 870}","(-12.932, -0.0)",31.0,36.013886210738214,vertical,"(1946.0, 888.0)","(0, 0)",1930,870
guide,100,"[(1964, 765), (1963, 844), (1931, 844), (1932, 765)]","{'Width': 33, 'Height': 79, 'Left': 1931, 'Top': 765}","(-28.378, -0.0)",32.0,79.00632886041473,vertical,"(1947.5, 804.5)","(0, 0)",1931,765
practical,100,"[(1966, 623), (1964, 741), (1932, 741), (1934, 623)]","{'Width': 34, 'Height': 118, 'Left': 1932, 'Top': 623}","(-21.194, -0.0)",32.0,118.01694793545543,vertical,"(1949.0, 682.0)","(0, 0)",1932,623
A,100,"[(1966, 568), (1966, 593), (1935, 593), (1935, 568)]","{'Width': 31, 'Height': 25, 'Left': 1935, 'Top': 568}","(-300.0, -0.0)",31.0,25.0,vertical,"(1950.5, 580.5)","(0, 0)",1935,568
CONFIDENT,100,"[(1969, 929), (1966, 1081), (1946, 1081), (1949, 929)]","{'Width': 23, 'Height': 152, 'Left': 1946, 'Top': 929}","(-18.2, -0.0)",20.0,152.029602380589,vertical,"(1957.5, 1005.0)","(0, 0)",1946,929
808.5808.5,100,"[(1978, 1179), (2095, 1188), (2093, 1205), (1977, 1196)]","{'Width': 118, 'Height': 26, 'Left': 1977, 'Top': 1179}","(0.028, -3.053)",17.11724276862369,117.34564329364768,horizontal,"(2035.75, 1192.0)","(0, 0)",1977,1179
DIC,100,"[(1977, 1204), (2012, 1205), (2012, 1219), (1977, 1218)]","{'Width': 35, 'Height': 15, 'Left': 1977, 'Top': 1204}","(0.01, -300.0)",14.0,35.014282800023196,horizontal,"(1994.5, 1211.5)","(0, 0)",1977,1204
OCCASION,100,"[(2025, 892), (2021, 1165), (1989, 1164), (1993, 892)]","{'Width': 36, 'Height': 273, 'Left': 1989, 'Top': 892}","(-24.516, 0.011)",32.01562118716424,273.02930245671433,vertical,"(2007.0, 1028.25)","(0, 0)",1989,892
THE,100,"[(2026, 846), (2025, 883), (1992, 882), (1993, 845)]","{'Width': 34, 'Height': 38, 'Left': 1992, 'Top': 845}","(-13.291, 0.011)",33.015148038438355,37.013511046643494,vertical,"(2009.0, 864.0)","(0, 0)",1992,845
RISING,100,"[(2029, 659), (2026, 830), (1993, 829), (1996, 658)]","{'Width': 36, 'Height': 172, 'Left': 1993, 'Top': 658}","(-20.475, 0.011)",33.015148038438355,171.0263137648707,vertical,"(2011.0, 744.0)","(0, 0)",1993,658
DICKSON,100,"[(2012, 503), (2011, 610), (1999, 610), (2000, 503)]","{'Width': 13, 'Height': 107, 'Left': 1999, 'Top': 503}","(-38.436, -0.0)",12.0,107.00467279516349,vertical,"(2005.5, 556.5)","(0, 0)",1999,503
TO,100,"[(2022, 854), (2022, 872), (2012, 872), (2012, 854)]","{'Width': 10, 'Height': 18, 'Left': 2012, 'Top': 854}","(-300.0, -0.0)",10.0,18.0,vertical,"(2017.0, 863.0)","(0, 0)",2012,854
PAUL,100,"[(2030, 529), (2028, 587), (2016, 587), (2018, 529)]","{'Width': 14, 'Height': 58, 'Left': 2016, 'Top': 529}","(-10.417, -0.0)",12.0,58.034472514187634,vertical,"(2023.0, 558.0)","(0, 0)",2016,529
CHA,100,"[(2037, 1212), (2073, 1213), (2072, 1228), (2036, 1227)]","{'Width': 37, 'Height': 16, 'Left': 2036, 'Top': 1212}","(0.01, -5.388)",15.033296378372908,36.013886210738214,horizontal,"(2054.5, 1220.0)","(0, 0)",2036,1212
World,100,"[(2088, 1026), (2087, 1088), (2041, 1087), (2042, 1025)]","{'Width': 47, 'Height': 63, 'Left': 2041, 'Top': 1025}","(-22.271, 0.008)",46.010868281309364,62.00806399170998,vertical,"(2064.5, 1056.5)","(0, 0)",2041,1025
Our,100,"[(2089, 990), (2088, 1030), (2042, 1029), (2043, 989)]","{'Width': 47, 'Height': 41, 'Left': 2042, 'Top': 989}","(-14.369, 0.008)",46.010868281309364,40.01249804748511,vertical,"(2065.5, 1009.5)","(0, 0)",2042,989
Shape,100,"[(2090, 933), (2089, 990), (2043, 989), (2044, 932)]","{'Width': 47, 'Height': 58, 'Left': 2043, 'Top': 932}","(-20.475, 0.008)",46.010868281309364,57.0087712549569,vertical,"(2066.5, 961.0)","(0, 0)",2043,932
Words,100,"[(2091, 873), (2090, 932), (2044, 931), (2045, 872)]","{'Width': 47, 'Height': 60, 'Left': 2044, 'Top': 872}","(-21.194, 0.008)",46.010868281309364,59.00847396772772,vertical,"(2067.5, 902.0)","(0, 0)",2044,872
How,100,"[(2091, 832), (2090, 875), (2045, 874), (2046, 831)]","{'Width': 46, 'Height': 44, 'Left': 2045, 'Top': 831}","(-15.446, 0.008)",45.0111097397076,43.01162633521314,vertical,"(2068.0, 853.0)","(0, 0)",2045,831
Storylines,100,"[(2099, 500), (2093, 789), (2047, 788), (2053, 499)]","{'Width': 52, 'Height': 290, 'Left': 2047, 'Top': 499}","(-17.302, 0.008)",46.010868281309364,289.06227702694105,vertical,"(2073.0, 644.0)","(0, 0)",2047,499
CHAMBERLIN,100,"[(2074, 358), (2073, 446), (2059, 446), (2060, 358)]","{'Width': 15, 'Height': 88, 'Left': 2059, 'Top': 358}","(-31.611, -0.0)",14.0,88.0056816347672,vertical,"(2066.5, 402.0)","(0, 0)",2059,358
J.EDWARD,100,"[(2094, 365), (2093, 439), (2077, 439), (2078, 365)]","{'Width': 17, 'Height': 74, 'Left': 2077, 'Top': 365}","(-26.582, -0.0)",16.0,74.00675644831355,vertical,"(2085.5, 402.0)","(0, 0)",2077,365
808,100,"[(2104, 1189), (2139, 1192), (2138, 1208), (2103, 1205)]","{'Width': 36, 'Height': 19, 'Left': 2103, 'Top': 1189}","(0.031, -5.747)",16.0312195418814,35.12833614050059,horizontal,"(2121.0, 1198.5)","(0, 0)",2103,1189
HER,100,"[(2103, 1215), (2140, 1216), (2140, 1228), (2103, 1227)]","{'Width': 37, 'Height': 13, 'Left': 2103, 'Top': 1215}","(0.01, -300.0)",12.0,37.013511046643494,horizontal,"(2121.5, 1221.5)","(0, 0)",2103,1215
AGE,100,"[(2149, 917), (2148, 951), (2106, 949), (2107, 915)]","{'Width': 43, 'Height': 36, 'Left': 2106, 'Top': 915}","(-12.213, 0.017)",42.04759208325728,34.0147027033899,vertical,"(2127.5, 933.0)","(0, 0)",2106,915
MEDIA,100,"[(2152, 862), (2150, 915), (2107, 913), (2109, 860)]","{'Width': 45, 'Height': 55, 'Left': 2107, 'Top': 860}","(-9.519, 0.017)",43.04648650006177,53.03772242470448,vertical,"(2129.5, 887.5)","(0, 0)",2107,860
DIGITAL,100,"[(2155, 793), (2152, 858), (2109, 856), (2112, 791)]","{'Width': 46, 'Height': 67, 'Left': 2109, 'Top': 791}","(-7.783, 0.017)",43.04648650006177,65.06919393998976,vertical,"(2132.0, 824.5)","(0, 0)",2109,791
THE,100,"[(2156, 755), (2155, 789), (2113, 787), (2114, 753)]","{'Width': 43, 'Height': 36, 'Left': 2113, 'Top': 753}","(-12.213, 0.017)",42.04759208325728,34.0147027033899,vertical,"(2134.5, 771.0)","(0, 0)",2113,753
IN,100,"[(2157, 731), (2156, 750), (2114, 748), (2115, 729)]","{'Width': 43, 'Height': 21, 'Left': 2114, 'Top': 729}","(-6.825, 0.017)",42.04759208325728,19.026297590440446,vertical,"(2135.5, 739.5)","(0, 0)",2114,729
DILEMMA,100,"[(2165, 572), (2159, 702), (2117, 700), (2122, 570)]","{'Width': 48, 'Height': 132, 'Left': 2117, 'Top': 570}","(-7.783, 0.017)",42.04759208325728,130.13838787997952,vertical,"(2140.75, 636.0)","(0, 0)",2117,570
STORYTELLER'S,100,"[(2175, 329), (2165, 559), (2122, 557), (2132, 327)]","{'Width': 53, 'Height': 232, 'Left': 2122, 'Top': 327}","(-8.262, 0.017)",43.04648650006177,230.21728866442677,vertical,"(2148.5, 443.0)","(0, 0)",2122,327
HERNANDEZ,100,"[(2149, 1070), (2146, 1182), (2122, 1181), (2125, 1069)]","{'Width': 27, 'Height': 113, 'Left': 2122, 'Top': 1069}","(-13.411, 0.015)",24.020824298928627,112.04017136723775,vertical,"(2135.5, 1125.5)","(0, 0)",2122,1069
LOUIS,100,"[(2150, 1008), (2149, 1062), (2125, 1061), (2126, 1007)]","{'Width': 25, 'Height': 55, 'Left': 2125, 'Top': 1007}","(-19.398, 0.015)",24.020824298928627,54.00925846556311,vertical,"(2137.5, 1034.5)","(0, 0)",2125,1007
THE,100,"[(2178, 259), (2176, 317), (2133, 315), (2135, 257)]","{'Width': 45, 'Height': 60, 'Left': 2133, 'Top': 257}","(-10.417, 0.017)",43.04648650006177,58.034472514187634,vertical,"(2155.5, 287.0)","(0, 0)",2133,257
CHALLENGES,100,"[(2163, 864), (2161, 963), (2140, 963), (2142, 864)]","{'Width': 23, 'Height': 99, 'Left': 2140, 'Top': 864}","(-17.781, -0.0)",21.0,99.02019995940222,vertical,"(2151.5, 913.5)","(0, 0)",2140,864
OVERCOMING,100,"[(2165, 718), (2163, 820), (2142, 820), (2144, 718)]","{'Width': 23, 'Height': 102, 'Left': 2142, 'Top': 718}","(-18.32, -0.0)",21.0,102.0196059588548,vertical,"(2153.5, 769.0)","(0, 0)",2142,718
THE,100,"[(2163, 827), (2163, 858), (2142, 858), (2142, 827)]","{'Width': 21, 'Height': 31, 'Left': 2142, 'Top': 827}","(-300.0, -0.0)",21.0,31.0,vertical,"(2152.5, 842.5)","(0, 0)",2142,827
.,100,"[(2144, 1193), (2149, 1193), (2148, 1209), (2143, 1209)]","{'Width': 6, 'Height': 16, 'Left': 2143, 'Top': 1193}","(0.0, -5.747)",16.0312195418814,5.0,horizontal,"(2146.0, 1201.0)","(0, 0)",2143,1193
VAN,100,"[(2183, 1233), (2215, 1234), (2215, 1244), (2183, 1243)]","{'Width': 32, 'Height': 11, 'Left': 2183, 'Top': 1233}","(0.011, -300.0)",10.0,32.01562118716424,horizontal,"(2199.0, 1238.5)","(0, 0)",2183,1233
NAT,100,"[(2184, 1126), (2242, 1127), (2242, 1150), (2184, 1149)]","{'Width': 58, 'Height': 24, 'Left': 2184, 'Top': 1126}","(0.006, -300.0)",23.0,58.008620049092706,horizontal,"(2213.0, 1138.0)","(0, 0)",2184,1126
808.5,100,"[(2184, 1208), (2239, 1208), (2239, 1223), (2184, 1223)]","{'Width': 55, 'Height': 15, 'Left': 2184, 'Top': 1208}","(0.0, -300.0)",15.0,55.0,horizontal,"(2211.5, 1215.5)","(0, 0)",2184,1208
STORYTELLIN,100,"[(2229, 938), (2226, 1038), (2196, 1037), (2199, 937)]","{'Width': 33, 'Height': 101, 'Left': 2196, 'Top': 937}","(-11.974, 0.012)",30.01666203960727,100.04498987955368,vertical,"(2212.5, 987.5)","(0, 0)",2196,937
OF,100,"[(2230, 912), (2229, 935), (2199, 934), (2200, 911)]","{'Width': 31, 'Height': 24, 'Left': 2199, 'Top': 911}","(-8.262, 0.012)",30.01666203960727,23.021728866442675,vertical,"(2214.5, 923.0)","(0, 0)",2199,911
JOY,100,"[(2231, 878), (2230, 908), (2200, 907), (2201, 877)]","{'Width': 31, 'Height': 31, 'Left': 2200, 'Top': 877}","(-10.776, 0.012)",30.01666203960727,30.01666203960727,vertical,"(2215.5, 892.5)","(0, 0)",2200,877
THE,100,"[(2232, 845), (2231, 875), (2201, 874), (2202, 844)]","{'Width': 31, 'Height': 31, 'Left': 2201, 'Top': 844}","(-10.776, 0.012)",30.01666203960727,30.01666203960727,vertical,"(2216.5, 859.5)","(0, 0)",2201,844
ON,100,"[(2232, 818), (2231, 839), (2202, 838), (2203, 817)]","{'Width': 30, 'Height': 22, 'Left': 2202, 'Top': 817}","(-7.544, 0.012)",29.017236257093817,21.02379604162864,vertical,"(2217.0, 828.0)","(0, 0)",2202,817
CAMP,100,"[(2234, 770), (2233, 814), (2203, 813), (2204, 769)]","{'Width': 31, 'Height': 45, 'Left': 2203, 'Top': 769}","(-15.806, 0.012)",30.01666203960727,44.01136216933077,vertical,"(2218.5, 791.5)","(0, 0)",2203,769
VAN,100,"[(2235, 733), (2234, 763), (2204, 762), (2205, 732)]","{'Width': 31, 'Height': 31, 'Left': 2204, 'Top': 732}","(-10.776, 0.012)",30.01666203960727,30.01666203960727,vertical,"(2219.5, 747.5)","(0, 0)",2204,732
RICHARD,100,"[(2237, 660), (2235, 728), (2205, 727), (2207, 659)]","{'Width': 32, 'Height': 69, 'Left': 2205, 'Top': 659}","(-12.213, 0.012)",30.01666203960727,68.0294054067798,vertical,"(2221.0, 693.5)","(0, 0)",2205,659
GATHER,100,"[(2242, 478), (2237, 646), (2207, 645), (2212, 477)]","{'Width': 35, 'Height': 169, 'Left': 2207, 'Top': 477}","(-12.07, 0.012)",30.01666203960727,168.07438829280326,vertical,"(2224.5, 561.5)","(0, 0)",2207,477
PAS,100,"[(2256, 1208), (2291, 1208), (2291, 1222), (2256, 1222)]","{'Width': 35, 'Height': 14, 'Left': 2256, 'Top': 1208}","(0.0, -300.0)",14.0,35.0,horizontal,"(2273.5, 1215.0)","(0, 0)",2256,1208
!,100,"[(2349, 871), (2348, 900), (2289, 899), (2290, 870)]","{'Width': 60, 'Height': 30, 'Left': 2289, 'Top': 870}","(-10.417, 0.006)",59.00847396772772,29.017236257093817,vertical,"(2319.0, 885.0)","(0, 0)",2289,870
AWESOME,100,"[(2357, 550), (2351, 804), (2291, 803), (2297, 549)]","{'Width': 66, 'Height': 255, 'Left': 2291, 'Top': 549}","(-15.207, 0.006)",60.00833275470999,254.07085625864295,vertical,"(2324.0, 676.5)","(0, 0)",2291,549
RAN,100,"[(2394, 1235), (2433, 1236), (2433, 1248), (2394, 1247)]","{'Width': 39, 'Height': 13, 'Left': 2394, 'Top': 1235}","(0.009, -300.0)",12.0,39.01281840626232,horizontal,"(2413.5, 1241.5)","(0, 0)",2394,1235
808.7,100,"[(2397, 1211), (2458, 1212), (2458, 1226), (2397, 1225)]","{'Width': 61, 'Height': 15, 'Left': 2397, 'Top': 1211}","(0.006, -300.0)",14.0,61.00819617067857,horizontal,"(2427.5, 1218.5)","(0, 0)",2397,1211
COMEDY,100,"[(2443, 846), (2440, 915), (2426, 914), (2429, 845)]","{'Width': 17, 'Height': 70, 'Left': 2426, 'Top': 845}","(-8.262, 0.026)",14.035668847618199,69.06518659932803,vertical,"(2434.5, 880.0)","(0, 0)",2426,845
RANDAZZO,100,"[(2428, 423), (2523, 424), (2523, 440), (2428, 439)]","{'Width': 95, 'Height': 17, 'Left': 2428, 'Top': 423}","(0.004, -300.0)",16.0,95.00526301210897,horizontal,"(2475.5, 431.5)","(0, 0)",2428,423
Purpose,100,"[(2470, 496), (2466, 653), (2429, 652), (2433, 495)]","{'Width': 41, 'Height': 158, 'Left': 2429, 'Top': 495}","(-14.099, 0.01)",37.013511046643494,157.05094714773293,vertical,"(2449.5, 574.0)","(0, 0)",2429,495
IN,100,"[(2444, 822), (2443, 837), (2429, 836), (2430, 821)]","{'Width': 15, 'Height': 16, 'Left': 2429, 'Top': 821}","(-5.388, 0.026)",14.035668847618199,15.033296378372908,vertical,"(2436.5, 829.0)","(0, 0)",2429,821
CAREER,100,"[(2447, 750), (2445, 814), (2430, 813), (2432, 749)]","{'Width': 17, 'Height': 65, 'Left': 2430, 'Top': 749}","(-11.495, 0.024)",15.033296378372908,64.03124237432849,vertical,"(2438.5, 781.5)","(0, 0)",2430,749
BOOKS,100,"[(2451, 1146), (2450, 1203), (2441, 1203), (2442, 1146)]","{'Width': 10, 'Height': 57, 'Left': 2441, 'Top': 1146}","(-20.475, -0.0)",9.0,57.0087712549569,vertical,"(2446.0, 1174.5)","(0, 0)",2441,1146
CHRONICLE,100,"[(2456, 1029), (2453, 1133), (2442, 1133), (2445, 1029)]","{'Width': 14, 'Height': 104, 'Left': 2442, 'Top': 1029}","(-12.453, -0.0)",11.0,104.04326023342406,vertical,"(2449.0, 1081.0)","(0, 0)",2442,1029
UNPREDICTABLE,100,"[(2464, 808), (2459, 942), (2445, 941), (2450, 807)]","{'Width': 19, 'Height': 135, 'Left': 2445, 'Top': 807}","(-9.627, 0.026)",14.035668847618199,134.09325113517085,vertical,"(2454.5, 874.5)","(0, 0)",2445,807
AN,100,"[(2464, 778), (2463, 800), (2450, 799), (2451, 778)]","{'Width': 14, 'Height': 22, 'Left': 2450, 'Top': 778}","(-7.903, 0.028)",13.038404810405298,22.02271554554524,vertical,"(2457.0, 788.75)","(0, 0)",2450,778
TO,100,"[(2466, 750), (2465, 772), (2451, 771), (2452, 749)]","{'Width': 15, 'Height': 23, 'Left': 2451, 'Top': 749}","(-7.903, 0.026)",14.035668847618199,22.02271554554524,vertical,"(2458.5, 760.5)","(0, 0)",2451,749
GUIDE,100,"[(2480, 884), (2478, 932), (2464, 931), (2466, 883)]","{'Width': 16, 'Height': 49, 'Left': 2464, 'Top': 883}","(-8.621, 0.026)",14.035668847618199,48.041648597857254,vertical,"(2472.0, 907.5)","(0, 0)",2464,883
DEFINITIVE,100,"[(2484, 790), (2481, 876), (2467, 875), (2470, 789)]","{'Width': 17, 'Height': 87, 'Left': 2467, 'Top': 789}","(-10.298, 0.026)",14.035668847618199,86.05230967266364,vertical,"(2475.5, 832.5)","(0, 0)",2467,789
Funny,100,"[(2508, 498), (2505, 612), (2469, 611), (2472, 497)]","{'Width': 39, 'Height': 115, 'Left': 2469, 'Top': 497}","(-13.65, 0.01)",36.013886210738214,114.03946685248927,vertical,"(2488.5, 554.5)","(0, 0)",2469,497
On,100,"[(2505, 619), (2504, 672), (2469, 671), (2470, 618)]","{'Width': 36, 'Height': 54, 'Left': 2469, 'Top': 618}","(-19.038, 0.01)",35.014282800023196,53.009433122794285,vertical,"(2487.0, 645.0)","(0, 0)",2469,618
THE,100,"[(2485, 751), (2484, 782), (2470, 781), (2471, 750)]","{'Width': 15, 'Height': 32, 'Left': 2470, 'Top': 750}","(-11.136, 0.026)",14.035668847618199,31.016124838541646,vertical,"(2477.5, 766.0)","(0, 0)",2470,750
SAU,100,"[(2515, 1224), (2551, 1225), (2551, 1239), (2515, 1238)]","{'Width': 36, 'Height': 15, 'Left': 2515, 'Top': 1224}","(0.01, -300.0)",14.0,36.013886210738214,horizontal,"(2533.0, 1231.5)","(0, 0)",2515,1224
808.8808,100,"[(2516, 1198), (2623, 1199), (2623, 1216), (2516, 1215)]","{'Width': 107, 'Height': 18, 'Left': 2516, 'Top': 1198}","(0.003, -300.0)",17.0,107.00467279516349,horizontal,"(2569.5, 1207.0)","(0, 0)",2516,1198
Europe,100,"[(2559, 1071), (2556, 1144), (2533, 1143), (2536, 1070)]","{'Width': 26, 'Height': 74, 'Left': 2533, 'Top': 1070}","(-8.741, 0.016)",23.021728866442675,73.06161783043132,vertical,"(2546.0, 1107.0)","(0, 0)",2533,1070
Walk,100,"[(2561, 1011), (2559, 1066), (2536, 1065), (2538, 1010)]","{'Width': 25, 'Height': 56, 'Left': 2536, 'Top': 1010}","(-9.878, 0.016)",23.021728866442675,55.036351623268054,vertical,"(2548.5, 1038.0)","(0, 0)",2536,1010
Writers,100,"[(2565, 930), (2562, 1007), (2539, 1006), (2542, 929)]","{'Width': 26, 'Height': 78, 'Left': 2539, 'Top': 929}","(-9.22, 0.016)",23.021728866442675,77.05841939723393,vertical,"(2552.0, 968.0)","(0, 0)",2539,929
SAUNTERING,100,"[(2572, 763), (2565, 917), (2542, 916), (2549, 762)]","{'Width': 30, 'Height': 155, 'Left': 2542, 'Top': 762}","(-7.903, 0.016)",23.021728866442675,154.1590088188167,vertical,"(2557.0, 839.5)","(0, 0)",2542,762
:,100,"[(2565, 919), (2565, 924), (2543, 923), (2543, 918)]","{'Width': 22, 'Height': 6, 'Left': 2543, 'Top': 918}","(-300.0, 0.016)",22.02271554554524,5.0,vertical,"(2554.0, 921.0)","(0, 0)",2543,918
Minshull,100,"[(2577, 649), (2573, 742), (2550, 741), (2554, 648)]","{'Width': 27, 'Height': 94, 'Left': 2550, 'Top': 648}","(-8.352, 0.016)",23.021728866442675,93.08598175880189,vertical,"(2563.5, 695.0)","(0, 0)",2550,648
Duncan,100,"[(2581, 562), (2577, 645), (2554, 644), (2558, 561)]","{'Width': 27, 'Height': 84, 'Left': 2554, 'Top': 561}","(-7.454, 0.016)",23.021728866442675,83.09632964216891,vertical,"(2567.5, 603.0)","(0, 0)",2554,561
PEN,100,"[(2587, 1222), (2623, 1222), (2623, 1235), (2587, 1235)]","{'Width': 36, 'Height': 13, 'Left': 2587, 'Top': 1222}","(0.0, -300.0)",13.0,36.0,horizontal,"(2605.0, 1228.5)","(0, 0)",2587,1222
PENO,100,"[(2620, 1140), (2619, 1183), (2610, 1183), (2611, 1140)]","{'Width': 10, 'Height': 43, 'Left': 2610, 'Top': 1140}","(-15.446, -0.0)",9.0,43.01162633521314,vertical,"(2615.0, 1161.5)","(0, 0)",2610,1140
Literature,100,"[(2646, 725), (2642, 808), (2617, 807), (2621, 724)]","{'Width': 29, 'Height': 84, 'Left': 2617, 'Top': 724}","(-7.454, 0.014)",25.019992006393608,83.09632964216891,vertical,"(2631.5, 766.0)","(0, 0)",2617,724
Migration,100,"[(2650, 636), (2646, 719), (2621, 718), (2625, 635)]","{'Width': 29, 'Height': 84, 'Left': 2621, 'Top': 635}","(-7.454, 0.014)",25.019992006393608,83.09632964216891,vertical,"(2635.5, 677.0)","(0, 0)",2621,635
of,100,"[(2651, 616), (2650, 637), (2625, 636), (2626, 615)]","{'Width': 26, 'Height': 22, 'Left': 2625, 'Top': 615}","(-7.544, 0.014)",25.019992006393608,21.02379604162864,vertical,"(2638.0, 626.0)","(0, 0)",2625,615
Book,100,"[(2653, 567), (2651, 612), (2626, 611), (2628, 566)]","{'Width': 27, 'Height': 46, 'Left': 2626, 'Top': 566}","(-8.082, 0.014)",25.019992006393608,45.044422518220834,vertical,"(2639.5, 589.0)","(0, 0)",2626,566
.,100,"[(2626, 1199), (2630, 1199), (2630, 1215), (2626, 1215)]","{'Width': 4, 'Height': 16, 'Left': 2626, 'Top': 1199}","(0.0, -300.0)",16.0,4.0,horizontal,"(2628.0, 1207.0)","(0, 0)",2626,1199
Penguin,100,"[(2656, 498), (2653, 563), (2628, 562), (2631, 497)]","{'Width': 28, 'Height': 66, 'Left': 2628, 'Top': 497}","(-7.783, 0.014)",25.019992006393608,65.06919393998976,vertical,"(2642.0, 530.0)","(0, 0)",2628,497
The,100,"[(2658, 462), (2657, 495), (2632, 494), (2633, 461)]","{'Width': 26, 'Height': 34, 'Left': 2632, 'Top': 461}","(-11.854, 0.014)",25.019992006393608,33.015148038438355,vertical,"(2645.0, 478.0)","(0, 0)",2632,461
HOM,100,"[(2663, 1230), (2699, 1230), (2699, 1243), (2663, 1243)]","{'Width': 36, 'Height': 13, 'Left': 2663, 'Top': 1230}","(0.0, -300.0)",13.0,36.0,horizontal,"(2681.0, 1236.5)","(0, 0)",2663,1230
"808,803",100,"[(2666, 1206), (2746, 1207), (2746, 1221), (2666, 1220)]","{'Width': 80, 'Height': 15, 'Left': 2666, 'Top': 1206}","(0.004, -300.0)",14.0,80.00624975587844,horizontal,"(2706.0, 1213.5)","(0, 0)",2666,1206
Freeman,100,"[(2725, 1040), (2719, 1171), (2687, 1169), (2693, 1038)]","{'Width': 38, 'Height': 133, 'Left': 2687, 'Top': 1038}","(-7.843, 0.022)",32.0624390837628,131.13733259449805,vertical,"(2706.0, 1104.5)","(0, 0)",2687,1038
",",100,"[(2718, 1169), (2718, 1178), (2687, 1176), (2687, 1167)]","{'Width': 31, 'Height': 11, 'Left': 2687, 'Top': 1167}","(-300.0, 0.023)",31.064449134018133,9.0,vertical,"(2702.5, 1172.5)","(0, 0)",2687,1167
John,100,"[(2729, 961), (2725, 1033), (2694, 1031), (2698, 959)]","{'Width': 35, 'Height': 74, 'Left': 2694, 'Top': 959}","(-6.466, 0.023)",31.064449134018133,72.11102550927978,vertical,"(2711.5, 996.0)","(0, 0)",2694,959
Home,100,"[(2755, 684), (2747, 814), (2703, 811), (2711, 681)]","{'Width': 52, 'Height': 133, 'Left': 2703, 'Top': 681}","(-5.837, 0.024)",44.10215414239989,130.24592124131948,vertical,"(2729.0, 747.5)","(0, 0)",2703,681
:,100,"[(2756, 652), (2755, 668), (2712, 665), (2713, 649)]","{'Width': 44, 'Height': 19, 'Left': 2712, 'Top': 649}","(-5.747, 0.025)",43.104524124504614,16.0312195418814,vertical,"(2734.0, 658.5)","(0, 0)",2712,649
Freeman's,100,"[(2772, 395), (2757, 642), (2714, 639), (2728, 392)]","{'Width': 58, 'Height': 250, 'Left': 2714, 'Top': 392}","(-5.915, 0.025)",43.104524124504614,247.45504642257754,vertical,"(2742.75, 517.0)","(0, 0)",2714,392
SHAMBHAL,100,"[(2777, 1273), (2832, 1274), (2832, 1283), (2777, 1282)]","{'Width': 55, 'Height': 10, 'Left': 2777, 'Top': 1273}","(0.007, -300.0)",9.0,55.00909015790027,horizontal,"(2804.5, 1278.0)","(0, 0)",2777,1273
ERO,100,"[(2793, 1190), (2832, 1191), (2832, 1206), (2793, 1205)]","{'Width': 39, 'Height': 16, 'Left': 2793, 'Top': 1190}","(0.009, -300.0)",15.0,39.01281840626232,horizontal,"(2812.5, 1198.0)","(0, 0)",2793,1190
808.81,100,"[(2794, 1167), (2843, 1168), (2843, 1184), (2794, 1183)]","{'Width': 49, 'Height': 17, 'Left': 2794, 'Top': 1167}","(0.007, -300.0)",16.0,49.01020301937138,horizontal,"(2818.5, 1175.5)","(0, 0)",2794,1167
SPIRIT,100,"[(2829, 1040), (2824, 1142), (2806, 1141), (2811, 1039)]","{'Width': 23, 'Height': 103, 'Left': 2806, 'Top': 1039}","(-7.328, 0.02)",18.027756377319946,102.12247548899312,vertical,"(2817.5, 1090.5)","(0, 0)",2806,1039
EROTIC,100,"[(2835, 901), (2830, 1020), (2812, 1019), (2817, 900)]","{'Width': 23, 'Height': 120, 'Left': 2812, 'Top': 900}","(-8.549, 0.02)",18.027756377319946,119.10499569707393,vertical,"(2823.5, 960.0)","(0, 0)",2812,900
THE,100,"[(2839, 822), (2836, 882), (2817, 881), (2820, 821)]","{'Width': 22, 'Height': 61, 'Left': 2817, 'Top': 821}","(-7.184, 0.019)",19.026297590440446,60.07495318350236,vertical,"(2828.0, 851.5)","(0, 0)",2817,821
HAMILL,100,"[(2852, 552), (2848, 634), (2831, 633), (2835, 551)]","{'Width': 21, 'Height': 83, 'Left': 2831, 'Top': 551}","(-7.364, 0.021)",17.029386365926403,82.09750300709517,vertical,"(2841.5, 592.5)","(0, 0)",2831,551
200,100,"[(2854, 1014), (2851, 1066), (2831, 1065), (2834, 1013)]","{'Width': 23, 'Height': 53, 'Left': 2831, 'Top': 1013}","(-6.226, 0.018)",20.024984394500787,52.08646657242167,vertical,"(2842.5, 1039.5)","(0, 0)",2831,1013
HAF,100,"[(2852, 1215), (2889, 1216), (2888, 1231), (2851, 1230)]","{'Width': 38, 'Height': 16, 'Left': 2851, 'Top': 1215}","(0.01, -5.388)",15.033296378372908,37.013511046643494,horizontal,"(2870.0, 1223.0)","(0, 0)",2851,1215
808.811,100,"[(2855, 1192), (2925, 1195), (2924, 1209), (2854, 1206)]","{'Width': 71, 'Height': 17, 'Left': 2854, 'Top': 1192}","(0.015, -5.029)",14.035668847618199,70.06425622241343,horizontal,"(2889.5, 1200.5)","(0, 0)",2854,1192
Bly,100,"[(2901, 1079), (2898, 1125), (2864, 1123), (2867, 1077)]","{'Width': 37, 'Height': 48, 'Left': 2864, 'Top': 1077}","(-5.508, 0.021)",34.058772731852805,46.09772228646444,vertical,"(2882.5, 1101.0)","(0, 0)",2864,1077
&,100,"[(2904, 1032), (2902, 1061), (2868, 1059), (2870, 1030)]","{'Width': 36, 'Height': 31, 'Left': 2868, 'Top': 1030}","(-5.209, 0.021)",34.058772731852805,29.068883707497267,vertical,"(2886.0, 1045.5)","(0, 0)",2868,1030
Barks,100,"[(2911, 933), (2906, 1015), (2871, 1013), (2876, 931)]","{'Width': 40, 'Height': 84, 'Left': 2871, 'Top': 931}","(-5.891, 0.021)",35.05709628591621,82.15229759416349,vertical,"(2891.0, 973.0)","(0, 0)",2871,931
Green,100,"[(2919, 818), (2913, 907), (2878, 905), (2884, 816)]","{'Width': 41, 'Height': 91, 'Left': 2878, 'Top': 816}","(-5.328, 0.021)",35.05709628591621,89.20201791439474,vertical,"(2898.5, 861.5)","(0, 0)",2878,816
",",100,"[(2912, 911), (2912, 917), (2878, 915), (2878, 909)]","{'Width': 34, 'Height': 8, 'Left': 2878, 'Top': 909}","(-300.0, 0.021)",34.058772731852805,6.0,vertical,"(2895.0, 913.0)","(0, 0)",2878,909
HAFIZ,100,"[(2933, 596), (2924, 730), (2889, 727), (2898, 594)]","{'Width': 44, 'Height': 136, 'Left': 2889, 'Top': 594}","(-5.348, 0.031)",35.12833614050059,134.30189872075525,vertical,"(2911.0, 661.75)","(0, 0)",2889,594
ILLUMINATED,100,"[(2953, 290), (2935, 571), (2900, 569), (2918, 288)]","{'Width': 53, 'Height': 283, 'Left': 2900, 'Top': 288}","(-5.608, 0.021)",35.05709628591621,281.5759222660915,vertical,"(2926.5, 429.5)","(0, 0)",2900,288
THE,100,"[(2960, 186), (2955, 265), (2920, 263), (2925, 184)]","{'Width': 40, 'Height': 81, 'Left': 2920, 'Top': 184}","(-5.676, 0.021)",35.05709628591621,79.1580697086532,vertical,"(2940.0, 224.5)","(0, 0)",2920,184
ARM,100,"[(2943, 1221), (2983, 1224), (2982, 1239), (2942, 1236)]","{'Width': 41, 'Height': 18, 'Left': 2942, 'Top': 1221}","(0.027, -5.388)",15.033296378372908,40.11234224026316,horizontal,"(2962.5, 1230.0)","(0, 0)",2942,1221
808,100,"[(2947, 1199), (2984, 1201), (2983, 1214), (2946, 1212)]","{'Width': 38, 'Height': 15, 'Left': 2946, 'Top': 1199}","(0.019, -4.67)",13.038404810405298,37.05401462729781,horizontal,"(2965.0, 1206.5)","(0, 0)",2946,1199
.,100,"[(2987, 1202), (2993, 1202), (2992, 1214), (2986, 1214)]","{'Width': 7, 'Height': 12, 'Left': 2986, 'Top': 1202}","(0.0, -4.311)",12.041594578792296,6.0,horizontal,"(2989.5, 1208.0)","(0, 0)",2986,1202
ARMISTICE,100,"[(3024, 788), (3013, 942), (2987, 940), (2998, 786)]","{'Width': 37, 'Height': 156, 'Left': 2987, 'Top': 786}","(-5.029, 0.028)",26.076809620810597,154.39235732380018,vertical,"(3005.5, 864.0)","(0, 0)",2987,786
DUFFY,100,"[(3039, 569), (3032, 668), (3007, 666), (3014, 567)]","{'Width': 32, 'Height': 101, 'Left': 3007, 'Top': 567}","(-5.08, 0.029)",25.079872407968907,99.24716620639605,vertical,"(3023.0, 617.5)","(0, 0)",3007,567
-,100,"[(3019, 709), (3017, 733), (3009, 732), (3011, 708)]","{'Width': 10, 'Height': 25, 'Left': 3009, 'Top': 708}","(-4.311, 0.045)",8.06225774829855,24.08318915758459,vertical,"(3014.0, 720.5)","(0, 0)",3009,708
ANN,100,"[(3045, 489), (3041, 553), (3016, 551), (3020, 487)]","{'Width': 29, 'Height': 66, 'Left': 3016, 'Top': 487}","(-5.747, 0.029)",25.079872407968907,64.1248781675256,vertical,"(3030.5, 520.0)","(0, 0)",3016,487
CAROL,100,"[(3053, 375), (3046, 475), (3021, 473), (3028, 373)]","{'Width': 32, 'Height': 102, 'Left': 3021, 'Top': 373}","(-5.132, 0.029)",25.079872407968907,100.24470060806208,vertical,"(3037.0, 424.0)","(0, 0)",3021,373
POE,100,"[(3036, 1245), (3072, 1246), (3071, 1260), (3035, 1259)]","{'Width': 37, 'Height': 15, 'Left': 3035, 'Top': 1245}","(0.01, -5.029)",14.035668847618199,36.013886210738214,horizontal,"(3053.5, 1252.5)","(0, 0)",3035,1245
808.81,100,"[(3038, 1222), (3111, 1225), (3110, 1240), (3037, 1237)]","{'Width': 74, 'Height': 18, 'Left': 3037, 'Top': 1222}","(0.015, -5.388)",15.033296378372908,73.06161783043132,horizontal,"(3074.0, 1231.0)","(0, 0)",3037,1222
#POETRY,100,"[(3185, 555), (3153, 966), (3062, 959), (3094, 548)]","{'Width': 123, 'Height': 418, 'Left': 3062, 'Top': 548}","(-4.614, 0.028)",91.26883367283708,412.2438598693739,vertical,"(3123.5, 757.0)","(0, 0)",3062,548
BIG,100,"[(3068, 1144), (3122, 1151), (3117, 1182), (3064, 1175)]","{'Width': 58, 'Height': 38, 'Left': 3064, 'Top': 1144}","(0.047, -2.227)",31.400636936215164,54.45181356024793,horizontal,"(3092.75, 1163.0)","(0, 0)",3064,1144
SIMPLY,100,"[(3065, 1197), (3116, 1199), (3115, 1214), (3064, 1212)]","{'Width': 52, 'Height': 17, 'Left': 3064, 'Top': 1197}","(0.014, -5.388)",15.033296378372908,51.03920062069938,horizontal,"(3090.0, 1205.5)","(0, 0)",3064,1197
IDEAS,100,"[(3066, 1179), (3116, 1181), (3115, 1199), (3065, 1197)]","{'Width': 51, 'Height': 20, 'Left': 3065, 'Top': 1179}","(0.014, -6.466)",18.027756377319946,50.039984012787215,horizontal,"(3090.5, 1189.0)","(0, 0)",3065,1179
PEO,100,"[(3144, 1154), (3200, 1161), (3195, 1192), (3140, 1185)]","{'Width': 60, 'Height': 38, 'Left': 3140, 'Top': 1154}","(0.045, -2.227)",31.400636936215164,56.43580423808985,horizontal,"(3169.75, 1173.0)","(0, 0)",3140,1154
AR,100,"[(3143, 1229), (3170, 1231), (3169, 1244), (3142, 1243)]","{'Width': 28, 'Height': 15, 'Left': 3142, 'Top': 1229}","(0.027, -4.67)",13.038404810405298,27.073972741361768,horizontal,"(3156.0, 1236.75)","(0, 0)",3142,1229
NATI,100,"[(3149, 1127), (3206, 1131), (3205, 1153), (3148, 1149)]","{'Width': 58, 'Height': 26, 'Left': 3148, 'Top': 1127}","(0.025, -7.903)",22.02271554554524,57.14017850864661,horizontal,"(3177.0, 1140.0)","(0, 0)",3148,1127
11.6,100,"[(3149, 1205), (3192, 1208), (3191, 1221), (3148, 1218)]","{'Width': 44, 'Height': 16, 'Left': 3148, 'Top': 1205}","(0.025, -4.67)",13.038404810405298,43.104524124504614,horizontal,"(3170.0, 1213.0)","(0, 0)",3148,1205
HARJO,100,"[(3203, 1021), (3193, 1125), (3165, 1122), (3175, 1018)]","{'Width': 38, 'Height': 107, 'Left': 3165, 'Top': 1018}","(-3.736, 0.038)",28.160255680657446,104.47966309287182,vertical,"(3184.0, 1071.5)","(0, 0)",3165,1018
JOY,100,"[(3211, 942), (3205, 1004), (3176, 1001), (3182, 939)]","{'Width': 35, 'Height': 65, 'Left': 3176, 'Top': 939}","(-3.712, 0.037)",29.154759474226502,62.289646009589745,vertical,"(3193.5, 971.5)","(0, 0)",3176,939
SUNRISE,100,"[(3238, 701), (3219, 893), (3189, 890), (3207, 698)]","{'Width': 49, 'Height': 195, 'Left': 3189, 'Top': 698}","(-3.63, 0.036)",30.14962686336267,192.93781381574738,vertical,"(3213.25, 795.5)","(0, 0)",3189,698
AMERICAN,100,"[(3263, 444), (3241, 676), (3210, 673), (3232, 441)]","{'Width': 53, 'Height': 235, 'Left': 3210, 'Top': 441}","(-3.788, 0.035)",31.144823004794873,233.0407689654323,vertical,"(3236.5, 558.5)","(0, 0)",3210,441
AN,100,"[(3270, 367), (3265, 423), (3234, 420), (3239, 364)]","{'Width': 36, 'Height': 59, 'Left': 3234, 'Top': 364}","(-4.023, 0.035)",31.144823004794873,56.22277118748239,vertical,"(3252.0, 393.5)","(0, 0)",3234,364
MUS,100,"[(3237, 1232), (3275, 1235), (3274, 1247), (3236, 1244)]","{'Width': 39, 'Height': 15, 'Left': 3236, 'Top': 1232}","(0.028, -4.311)",12.041594578792296,38.118237105091836,horizontal,"(3255.5, 1239.5)","(0, 0)",3236,1232
808,100,"[(3276, 1210), (3275, 1222), (3240, 1220), (3241, 1208)]","{'Width': 36, 'Height': 14, 'Left': 3240, 'Top': 1208}","(-4.311, 0.021)",35.05709628591621,12.041594578792296,vertical,"(3258.0, 1215.0)","(0, 0)",3240,1208
III,100,"[(3281, 1099), (3279, 1118), (3271, 1117), (3273, 1098)]","{'Width': 10, 'Height': 20, 'Left': 3271, 'Top': 1098}","(-3.413, 0.045)",8.06225774829855,19.1049731745428,vertical,"(3276.0, 1108.0)","(0, 0)",3271,1098
SPE,100,"[(3317, 832), (3314, 873), (3297, 871), (3300, 831)]","{'Width': 20, 'Height': 42, 'Left': 3297, 'Top': 831}","(-4.909, 0.042)",17.11724276862369,41.10960958218893,vertical,"(3307.0, 851.75)","(0, 0)",3297,831
MUSTEY,100,"[(3326, 737), (3319, 824), (3301, 822), (3308, 735)]","{'Width': 25, 'Height': 89, 'Left': 3301, 'Top': 735}","(-4.465, 0.04)",18.110770276274835,87.28115489611719,vertical,"(3313.5, 779.5)","(0, 0)",3301,735
POE,100,"[(3333, 1248), (3372, 1252), (3371, 1266), (3332, 1262)]","{'Width': 40, 'Height': 18, 'Left': 3332, 'Top': 1248}","(0.037, -5.029)",14.035668847618199,39.20459156782532,horizontal,"(3352.0, 1257.0)","(0, 0)",3332,1248
808.81,100,"[(3336, 1224), (3407, 1227), (3406, 1247), (3335, 1244)]","{'Width': 72, 'Height': 23, 'Left': 3335, 'Top': 1224}","(0.015, -7.184)",20.024984394500787,71.06335201775947,horizontal,"(3371.0, 1235.5)","(0, 0)",3335,1224
helfer,100,"[(3376, 512), (3530, 512), (3530, 526), (3376, 526)]","{'Width': 154, 'Height': 14, 'Left': 3376, 'Top': 512}","(0.0, -300.0)",14.0,154.0,horizontal,"(3453.0, 519.0)","(0, 0)",3376,512
POE,100,"[(3419, 1250), (3458, 1254), (3456, 1269), (3418, 1265)]","{'Width': 40, 'Height': 19, 'Left': 3418, 'Top': 1250}","(0.037, -2.694)",15.132745950421556,39.20459156782532,horizontal,"(3437.75, 1259.5)","(0, 0)",3418,1250
808.815,100,"[(3421, 1228), (3500, 1232), (3499, 1252), (3420, 1248)]","{'Width': 80, 'Height': 24, 'Left': 3420, 'Top': 1228}","(0.018, -7.184)",20.024984394500787,79.1012010022604,horizontal,"(3460.0, 1240.0)","(0, 0)",3420,1228
CLIFFS,100,"[(3431, 405), (3504, 398), (3507, 434), (3434, 441)]","{'Width': 76, 'Height': 43, 'Left': 3431, 'Top': 398}","(-0.034, 4.311)",36.124783736376884,73.33484846919642,horizontal,"(3469.0, 419.5)","(0, 0)",3431,398
THE,100,"[(3438, 354), (3483, 347), (3488, 382), (3443, 389)]","{'Width': 50, 'Height': 42, 'Left': 3438, 'Top': 347}","(-0.056, 2.515)",35.35533905932738,45.5411901469428,horizontal,"(3463.0, 368.0)","(0, 0)",3438,347
MINPK,100,"[(3485, 347), (3563, 335), (3568, 370), (3490, 382)]","{'Width': 83, 'Height': 47, 'Left': 3485, 'Top': 335}","(-0.055, 2.515)",35.35533905932738,78.91767862779544,horizontal,"(3526.5, 358.5)","(0, 0)",3485,335
PRAISE,100,"[(3494, 301), (3537, 297), (3539, 317), (3496, 321)]","{'Width': 45, 'Height': 24, 'Left': 3494, 'Top': 297}","(-0.033, 3.592)",20.09975124224178,43.18564576337837,horizontal,"(3516.5, 309.0)","(0, 0)",3494,297
REE,100,"[(3504, 1232), (3543, 1234), (3542, 1254), (3503, 1252)]","{'Width': 40, 'Height': 22, 'Left': 3503, 'Top': 1232}","(0.018, -7.184)",20.024984394500787,39.05124837953327,horizontal,"(3523.0, 1243.0)","(0, 0)",3503,1232
808.819,100,"[(3508, 1211), (3589, 1222), (3587, 1239), (3506, 1228)]","{'Width': 83, 'Height': 28, 'Left': 3506, 'Top': 1211}","(0.049, -3.053)",17.11724276862369,81.74350127074322,horizontal,"(3547.5, 1225.0)","(0, 0)",3506,1211
OF,100,"[(3509, 398), (3544, 395), (3547, 431), (3512, 434)]","{'Width': 38, 'Height': 39, 'Left': 3509, 'Top': 395}","(-0.031, 4.311)",36.124783736376884,35.12833614050059,horizontal,"(3528.0, 414.5)","(0, 0)",3509,395
Lovely,100,"[(3511, 492), (3537, 491), (3538, 506), (3512, 507)]","{'Width': 27, 'Height': 16, 'Left': 3511, 'Top': 491}","(-0.014, 5.388)",15.033296378372908,26.019223662515376,horizontal,"(3524.5, 499.0)","(0, 0)",3511,491
...,100,"[(3527, 512), (3544, 512), (3544, 526), (3527, 526)]","{'Width': 17, 'Height': 14, 'Left': 3527, 'Top': 512}","(0.0, -300.0)",14.0,17.0,horizontal,"(3535.5, 519.0)","(0, 0)",3527,512
We,100,"[(3540, 512), (3555, 512), (3555, 526), (3540, 526)]","{'Width': 15, 'Height': 14, 'Left': 3540, 'Top': 512}","(0.0, -300.0)",14.0,15.0,horizontal,"(3547.5, 519.0)","(0, 0)",3540,512
37131,100,"[(3543, 321), (3580, 315), (3583, 336), (3546, 342)]","{'Width': 40, 'Height': 27, 'Left': 3543, 'Top': 315}","(-0.058, 2.515)",21.213203435596427,37.48332962798263,horizontal,"(3563.0, 328.5)","(0, 0)",3543,315
dens,100,"[(3543, 491), (3582, 489), (3583, 503), (3544, 505)]","{'Width': 40, 'Height': 16, 'Left': 3543, 'Top': 489}","(-0.018, 5.029)",14.035668847618199,39.05124837953327,horizontal,"(3563.0, 497.0)","(0, 0)",3543,489
FALL,100,"[(3548, 395), (3606, 390), (3609, 425), (3551, 430)]","{'Width': 61, 'Height': 40, 'Left': 3548, 'Top': 390}","(-0.031, 4.191)",35.12833614050059,58.215118311311535,horizontal,"(3578.5, 410.0)","(0, 0)",3548,390
fill,100,"[(3554, 512), (3572, 512), (3572, 526), (3554, 526)]","{'Width': 18, 'Height': 14, 'Left': 3554, 'Top': 512}","(0.0, -300.0)",14.0,18.0,horizontal,"(3563.0, 519.0)","(0, 0)",3554,512
*,100,"[(3574, 1130), (3571, 1149), (3556, 1147), (3558, 1128)]","{'Width': 18, 'Height': 21, 'Left': 3556, 'Top': 1128}","(-2.275, 0.048)",15.132745950421556,19.235384061671343,vertical,"(3564.75, 1138.5)","(0, 0)",3556,1128
*,100,"[(3580, 1082), (3577, 1103), (3561, 1101), (3564, 1080)]","{'Width': 19, 'Height': 23, 'Left': 3561, 'Top': 1080}","(-2.515, 0.045)",16.1245154965971,21.213203435596427,vertical,"(3570.5, 1091.5)","(0, 0)",3561,1080
Parkdale,100,"[(3568, 335), (3636, 325), (3641, 359), (3573, 369)]","{'Width': 73, 'Height': 44, 'Left': 3568, 'Top': 325}","(-0.053, 2.443)",34.36568055487916,68.73136110975832,horizontal,"(3604.5, 347.0)","(0, 0)",3568,325
in,100,"[(3570, 512), (3584, 512), (3584, 526), (3570, 526)]","{'Width': 14, 'Height': 14, 'Left': 3570, 'Top': 512}","(0.0, -300.0)",14.0,14.0,horizontal,"(3577.0, 519.0)","(0, 0)",3570,512
119,100,"[(3579, 316), (3601, 313), (3604, 332), (3582, 336)]","{'Width': 25, 'Height': 23, 'Left': 3579, 'Top': 313}","(-0.049, 2.275)",19.235384061671343,22.20360331117452,horizontal,"(3591.5, 324.25)","(0, 0)",3579,313
optioned,100,"[(3584, 489), (3641, 487), (3642, 502), (3585, 504)]","{'Width': 58, 'Height': 17, 'Left': 3584, 'Top': 487}","(-0.013, 5.388)",15.033296378372908,57.0350769263968,horizontal,"(3613.0, 495.5)","(0, 0)",3584,487
the,100,"[(3587, 512), (3600, 512), (3600, 526), (3587, 526)]","{'Width': 13, 'Height': 14, 'Left': 3587, 'Top': 512}","(0.0, -300.0)",14.0,13.0,horizontal,"(3593.5, 519.0)","(0, 0)",3587,512
call,100,"[(3600, 512), (3633, 512), (3633, 526), (3600, 526)]","{'Width': 33, 'Height': 14, 'Left': 3600, 'Top': 512}","(0.0, -300.0)",14.0,33.0,horizontal,"(3616.5, 519.0)","(0, 0)",3600,512
148,100,"[(3602, 312), (3623, 309), (3626, 330), (3605, 333)]","{'Width': 24, 'Height': 24, 'Left': 3602, 'Top': 309}","(-0.051, 2.515)",21.213203435596427,21.213203435596427,horizontal,"(3614.0, 321.0)","(0, 0)",3602,309
*,100,"[(3629, 690), (3627, 709), (3610, 707), (3612, 688)]","{'Width': 19, 'Height': 21, 'Left': 3610, 'Top': 688}","(-3.413, 0.042)",17.11724276862369,19.1049731745428,vertical,"(3619.5, 698.5)","(0, 0)",3610,688
MIN,100,"[(3613, 1221), (3655, 1226), (3653, 1241), (3611, 1236)]","{'Width': 44, 'Height': 20, 'Left': 3611, 'Top': 1221}","(0.043, -2.694)",15.132745950421556,42.2965719651132,horizontal,"(3633.0, 1231.0)","(0, 0)",3611,1221
*,100,"[(3635, 640), (3633, 659), (3616, 657), (3618, 638)]","{'Width': 19, 'Height': 21, 'Left': 3616, 'Top': 638}","(-3.413, 0.042)",17.11724276862369,19.1049731745428,vertical,"(3625.5, 648.5)","(0, 0)",3616,638
808.819,100,"[(3618, 1197), (3699, 1207), (3697, 1223), (3616, 1213)]","{'Width': 83, 'Height': 26, 'Left': 3616, 'Top': 1197}","(0.044, -2.874)",16.1245154965971,81.61494961096282,horizontal,"(3657.5, 1210.0)","(0, 0)",3616,1197
:,100,"[(3638, 610), (3636, 623), (3620, 621), (3621, 608)]","{'Width': 18, 'Height': 15, 'Left': 3620, 'Top': 608}","(-2.335, 0.045)",16.1245154965971,13.152946437965905,vertical,"(3628.75, 615.5)","(0, 0)",3620,608
203,100,"[(3623, 309), (3648, 305), (3651, 325), (3626, 329)]","{'Width': 28, 'Height': 24, 'Left': 3623, 'Top': 305}","(-0.057, 2.395)",20.223748416156685,25.317977802344327,horizontal,"(3637.0, 317.0)","(0, 0)",3623,305
to,100,"[(3641, 487), (3649, 487), (3650, 501), (3642, 501)]","{'Width': 9, 'Height': 14, 'Left': 3641, 'Top': 487}","(0.0, 5.029)",14.035668847618199,8.0,horizontal,"(3645.5, 494.0)","(0, 0)",3641,487
PINSKY,100,"[(3694, 1035), (3677, 1165), (3644, 1161), (3661, 1031)]","{'Width': 50, 'Height': 134, 'Left': 3644, 'Top': 1031}","(-2.747, 0.044)",33.24154027718932,131.10682667199293,vertical,"(3669.0, 1098.0)","(0, 0)",3644,1031
cach,100,"[(3649, 486), (3667, 485), (3668, 500), (3650, 501)]","{'Width': 19, 'Height': 16, 'Left': 3649, 'Top': 485}","(-0.02, 5.388)",15.033296378372908,18.027756377319946,horizontal,"(3658.5, 493.0)","(0, 0)",3649,485
ROBERT,100,"[(3714, 880), (3696, 1020), (3663, 1016), (3681, 876)]","{'Width': 51, 'Height': 144, 'Left': 3663, 'Top': 876}","(-2.794, 0.044)",33.24154027718932,141.1523999087511,vertical,"(3688.5, 948.0)","(0, 0)",3663,876
EXTREMES,100,"[(3680, 763), (3760, 770), (3758, 785), (3679, 778)]","{'Width': 81, 'Height': 22, 'Left': 3679, 'Top': 763}","(0.031, -2.694)",15.132745950421556,80.30566605165541,horizontal,"(3719.25, 774.0)","(0, 0)",3679,763
FEELING,100,"[(3682, 825), (3749, 831), (3747, 848), (3680, 842)]","{'Width': 69, 'Height': 23, 'Left': 3680, 'Top': 825}","(0.032, -3.053)",17.11724276862369,67.26812023536856,horizontal,"(3714.5, 836.5)","(0, 0)",3680,825
FALL,100,"[(3749, 552), (3736, 663), (3697, 659), (3710, 547)]","{'Width': 52, 'Height': 116, 'Left': 3697, 'Top': 547}","(-3.067, 0.037)",39.20459156782532,111.75866856758807,vertical,"(3723.0, 605.25)","(0, 0)",3697,547
AT,100,"[(3698, 735), (3722, 737), (3721, 751), (3697, 749)]","{'Width': 25, 'Height': 16, 'Left': 3697, 'Top': 735}","(0.03, -5.029)",14.035668847618199,24.08318915758459,horizontal,"(3709.5, 743.0)","(0, 0)",3697,735
BY,100,"[(3714, 1053), (3711, 1076), (3698, 1074), (3701, 1051)]","{'Width': 16, 'Height': 25, 'Left': 3698, 'Top': 1051}","(-2.754, 0.055)",13.152946437965905,23.194827009486403,vertical,"(3706.0, 1063.5)","(0, 0)",3698,1051
EDITED,100,"[(3725, 969), (3716, 1041), (3702, 1040), (3711, 967)]","{'Width': 23, 'Height': 74, 'Left': 3702, 'Top': 967}","(-2.874, 0.026)",14.035668847618199,72.56031973468694,vertical,"(3713.5, 1004.25)","(0, 0)",3702,967
OF,100,"[(3712, 800), (3735, 802), (3734, 814), (3711, 812)]","{'Width': 24, 'Height': 14, 'Left': 3711, 'Top': 800}","(0.031, -4.311)",12.041594578792296,23.08679276123039,horizontal,"(3723.0, 807.0)","(0, 0)",3711,800
OF,100,"[(3759, 472), (3752, 531), (3712, 526), (3719, 467)]","{'Width': 47, 'Height': 64, 'Left': 3712, 'Top': 467}","(-3.028, 0.045)",40.311288741492746,59.413803110051795,vertical,"(3735.5, 499.0)","(0, 0)",3712,467
CLIFFS,100,"[(3780, 300), (3762, 448), (3722, 443), (3740, 295)]","{'Width': 58, 'Height': 153, 'Left': 3722, 'Top': 295}","(-2.954, 0.045)",40.311288741492746,149.09057649630307,vertical,"(3751.0, 371.5)","(0, 0)",3722,295
BOO,100,"[(3726, 1260), (3764, 1264), (3762, 1278), (3724, 1274)]","{'Width': 40, 'Height': 18, 'Left': 3724, 'Top': 1260}","(0.038, -2.515)",14.142135623730951,38.2099463490856,horizontal,"(3744.0, 1269.0)","(0, 0)",3724,1260
THE,100,"[(3730, 737), (3757, 739), (3756, 753), (3729, 751)]","{'Width': 28, 'Height': 16, 'Left': 3729, 'Top': 737}","(0.027, -5.029)",14.035668847618199,27.073972741361768,horizontal,"(3743.0, 745.0)","(0, 0)",3729,737
808.8,100,"[(3730, 1237), (3787, 1242), (3785, 1257), (3729, 1252)]","{'Width': 58, 'Height': 20, 'Left': 3729, 'Top': 1237}","(0.032, -2.694)",15.132745950421556,57.21887800367987,horizontal,"(3757.75, 1247.0)","(0, 0)",3729,1237
HAS,100,"[(3786, 569), (3774, 655), (3748, 652), (3759, 565)]","{'Width': 38, 'Height': 90, 'Left': 3748, 'Top': 565}","(-2.574, 0.041)",26.1725046566048,86.83317338436964,vertical,"(3766.75, 610.25)","(0, 0)",3748,565
PINSK,100,"[(3778, 1169), (3768, 1230), (3752, 1228), (3761, 1166)]","{'Width': 26, 'Height': 64, 'Left': 3752, 'Top': 1166}","(-2.191, 0.045)",16.1245154965971,61.814237842102365,vertical,"(3764.75, 1198.25)","(0, 0)",3752,1166
MIND,100,"[(3806, 418), (3789, 542), (3763, 538), (3779, 414)]","{'Width': 43, 'Height': 128, 'Left': 3763, 'Top': 414}","(-2.62, 0.055)",26.30589287593181,125.15989773086265,vertical,"(3784.25, 478.0)","(0, 0)",3763,414
ROBERT,100,"[(3792, 1083), (3781, 1154), (3763, 1151), (3774, 1080)]","{'Width': 29, 'Height': 74, 'Left': 3763, 'Top': 1080}","(-2.319, 0.06)",18.24828759089466,71.84705978674423,vertical,"(3777.5, 1117.0)","(0, 0)",3763,1080
BY,100,"[(3797, 1047), (3793, 1070), (3777, 1067), (3780, 1044)]","{'Width': 20, 'Height': 26, 'Left': 3777, 'Top': 1044}","(-2.065, 0.067)",16.278820596099706,23.345235059857504,vertical,"(3786.75, 1057.0)","(0, 0)",3777,1044
THE,100,"[(3821, 312), (3809, 398), (3782, 394), (3793, 308)]","{'Width': 39, 'Height': 90, 'Left': 3782, 'Top': 308}","(-2.574, 0.053)",27.294688127912362,86.83317338436964,vertical,"(3801.25, 353.0)","(0, 0)",3782,308
EDITED,100,"[(3811, 960), (3799, 1034), (3782, 1031), (3793, 957)]","{'Width': 29, 'Height': 77, 'Left': 3782, 'Top': 957}","(-2.215, 0.063)",17.26267650163207,74.96665925596525,vertical,"(3796.25, 995.5)","(0, 0)",3782,957
8,100,"[(3804, 1214), (3803, 1226), (3794, 1225), (3795, 1213)]","{'Width': 10, 'Height': 13, 'Left': 3794, 'Top': 1213}","(-4.311, 0.04)",9.055385138137417,12.041594578792296,vertical,"(3799.0, 1219.5)","(0, 0)",3794,1213
TIMES,100,"[(3838, 774), (3828, 840), (3808, 837), (3818, 771)]","{'Width': 30, 'Height': 69, 'Left': 3808, 'Top': 771}","(-2.371, 0.054)",20.223748416156685,66.75327707311455,vertical,"(3823.0, 805.5)","(0, 0)",3808,771
819,100,"[(3818, 1217), (3847, 1217), (3847, 1230), (3818, 1230)]","{'Width': 29, 'Height': 13, 'Left': 3818, 'Top': 1217}","(0.0, -300.0)",13.0,29.0,horizontal,"(3832.5, 1223.5)","(0, 0)",3818,1217
HARD,100,"[(3848, 707), (3840, 758), (3820, 755), (3828, 704)]","{'Width': 28, 'Height': 54, 'Left': 3820, 'Top': 704}","(-2.29, 0.054)",20.223748416156685,51.62363799656123,vertical,"(3834.0, 731.0)","(0, 0)",3820,704
FOR,100,"[(3857, 654), (3851, 691), (3832, 688), (3837, 651)]","{'Width': 25, 'Height': 40, 'Left': 3832, 'Top': 651}","(-2.215, 0.057)",19.235384061671343,37.48332962798263,vertical,"(3844.25, 671.0)","(0, 0)",3832,651
POETRY,100,"[(3871, 560), (3859, 638), (3839, 635), (3851, 557)]","{'Width': 32, 'Height': 81, 'Left': 3839, 'Top': 557}","(-2.335, 0.054)",20.223748416156685,78.91767862779544,vertical,"(3855.0, 597.5)","(0, 0)",3839,557
OF,100,"[(3878, 518), (3874, 543), (3853, 540), (3857, 515)]","{'Width': 25, 'Height': 28, 'Left': 3853, 'Top': 515}","(-2.245, 0.051)",21.213203435596427,25.317977802344327,vertical,"(3865.5, 529.0)","(0, 0)",3853,515
BOOK,100,"[(3888, 451), (3880, 503), (3860, 500), (3868, 448)]","{'Width': 28, 'Height': 55, 'Left': 3860, 'Top': 448}","(-2.335, 0.054)",20.223748416156685,52.61178575186362,vertical,"(3874.0, 475.5)","(0, 0)",3860,448
THE,100,"[(3896, 396), (3890, 436), (3870, 432), (3876, 393)]","{'Width': 26, 'Height': 43, 'Left': 3870, 'Top': 393}","(-2.395, 0.072)",20.396078054371138,40.44749683231337,vertical,"(3883.0, 414.25)","(0, 0)",3870,393
Sor,100,"[(3963, 228), (4030, 229), (4030, 298), (3963, 297)]","{'Width': 67, 'Height': 70, 'Left': 3963, 'Top': 228}","(0.005, -300.0)",69.0,67.00746227100382,horizontal,"(3996.5, 263.0)","(0, 0)",3963,228
