txt,confidence,vertices,boundBox,slopes,font,word_len,direction,center_point,crop_idx,Left,Top,label
med,100,"[(101, 75), (102, 99), (89, 99), (88, 75)]","{'Width': 14, 'Height': 24, 'Left': 88, 'Top': 75}","(-24.0, 0.0, -24.0, -0.0)",13,24.0208243,vertical,"(95.0, 87.0)","(0, 0)",88,75,0
all,100,"[(102, 106), (102, 124), (88, 124), (88, 106)]","{'Width': 14, 'Height': 18, 'Left': 88, 'Top': 106}","(1000.0, 0.0, 1000.0, -0.0)",14,18,vertical,"(95.0, 115.0)","(0, 0)",88,106,1
the,100,"[(102, 126), (102, 146), (89, 146), (89, 126)]","{'Width': 13, 'Height': 20, 'Left': 89, 'Top': 126}","(1000.0, 0.0, 1000.0, -0.0)",13,20,vertical,"(95.5, 136.0)","(0, 0)",89,126,1
bright,100,"[(103, 152), (104, 191), (90, 191), (89, 152)]","{'Width': 15, 'Height': 39, 'Left': 89, 'Top': 152}","(-39.0, 0.0, -39.0, -0.0)",14,39.01281841,vertical,"(96.5, 171.5)","(0, 0)",89,152,1
?,100,"[(110, 353), (111, 380), (90, 381), (89, 354)]","{'Width': 22, 'Height': 28, 'Left': 89, 'Top': 353}","(-27.0, 0.048, -27.0, 0.048)",21.02379604,27.01851217,vertical,"(100.0, 367.0)","(0, 0)",89,353,0
GRASPING,100,"[(167, 37), (169, 136), (146, 136), (144, 37)]","{'Width': 25, 'Height': 99, 'Left': 144, 'Top': 37}","(-49.5, 0.0, -49.5, -0.0)",23,99.02019996,vertical,"(156.5, 86.5)","(0, 0)",144,37,1
MYSTERIES,100,"[(169, 143), (171, 253), (148, 253), (146, 143)]","{'Width': 25, 'Height': 110, 'Left': 146, 'Top': 143}","(-55.0, 0.0, -55.0, -0.0)",23,110.0181803,vertical,"(158.5, 198.0)","(0, 0)",146,143,1
THER,100,"[(230, 0), (232, 56), (193, 57), (191, 0)]","{'Width': 41, 'Height': 57, 'Left': 191, 'Top': 0}","(-28.0, 0.026, -28.5, -0.0)",39.0064092,56.53538992,vertical,"(211.5, 28.25)","(0, 0)",191,0,1
WORDS,100,"[(231, 56), (233, 147), (196, 148), (193, 57)]","{'Width': 40, 'Height': 92, 'Left': 193, 'Top': 56}","(-45.5, 0.027, -30.333, 0.026)",37.51333333,91.03570624,vertical,"(213.25, 102.0)","(0, 0)",193,56,1
for,100,"[(234, 148), (235, 184), (196, 185), (195, 149)]","{'Width': 40, 'Height': 37, 'Left': 195, 'Top': 148}","(-36.0, 0.026, -36.0, 0.026)",39.01281841,36.01388621,vertical,"(215.0, 166.5)","(0, 0)",195,148,1
Home,100,"[(235, 189), (238, 292), (200, 293), (197, 190)]","{'Width': 41, 'Height': 104, 'Left': 197, 'Top': 189}","(-34.333, 0.026, -34.333, 0.026)",38.01315562,103.0436801,vertical,"(217.5, 241.0)","(0, 0)",197,189,1
broken,100,"[(277, 111), (276, 200), (254, 200), (255, 111)]","{'Width': 23, 'Height': 89, 'Left': 254, 'Top': 111}","(89.0, 0.0, 89.0, -0.0)",22,89.0056178,vertical,"(265.5, 155.5)","(0, 0)",254,111,1
pieces,100,"[(276, 204), (276, 283), (255, 283), (255, 204)]","{'Width': 21, 'Height': 79, 'Left': 255, 'Top': 204}","(1000.0, 0.0, 1000.0, -0.0)",21,79,vertical,"(265.5, 243.5)","(0, 0)",255,204,1
URG,100,"[(277, 0), (277, 53), (256, 53), (256, 0)]","{'Width': 21, 'Height': 53, 'Left': 256, 'Top': 0}","(1000.0, 0.0, 1000.0, -0.0)",21,53,vertical,"(266.5, 26.5)","(0, 0)",256,0,0
Unsettled,100,"[(339, 67), (343, 197), (306, 198), (302, 68)]","{'Width': 41, 'Height': 131, 'Left': 302, 'Top': 67}","(-32.5, 0.027, -32.5, 0.027)",37.01351105,130.0615239,vertical,"(322.5, 132.5)","(0, 0)",302,67,1
bright,100,"[(409, 147), (408, 187), (394, 187), (395, 147)]","{'Width': 15, 'Height': 40, 'Left': 394, 'Top': 147}","(40.0, 0.0, 40.0, -0.0)",14,40.01249805,vertical,"(401.5, 167.0)","(0, 0)",394,147,1
Thing,100,"[(528, 239), (518, 295), (491, 290), (501, 234)]","{'Width': 37, 'Height': 61, 'Left': 491, 'Top': 234}","(5.6, -0.185, 5.6, -0.185)",27.45906044,56.88585061,vertical,"(509.5, 264.5)","(0, 0)",491,234,1
Shiny,100,"[(539, 181), (528, 242), (501, 237), (512, 176)]","{'Width': 38, 'Height': 66, 'Left': 501, 'Top': 176}","(5.545, -0.185, 5.545, -0.185)",27.45906044,61.98386887,vertical,"(520.0, 209.0)","(0, 0)",501,176,1
Every,100,"[(549, 120), (538, 179), (513, 174), (523, 115)]","{'Width': 36, 'Height': 64, 'Left': 513, 'Top': 115}","(5.364, -0.2, 5.9, -0.192)",25.98575108,59.92906078,vertical,"(530.75, 147.0)","(0, 0)",513,115,1
MORRISON,100,"[(554, 23), (545, 79), (533, 78), (542, 21)]","{'Width': 21, 'Height': 58, 'Left': 533, 'Top': 21}","(6.222, -0.083, 6.333, -0.167)",12.10355982,57.21237792,vertical,"(543.5, 50.25)","(0, 0)",533,21,1
Thing,100,"[(592, 239), (579, 295), (555, 290), (569, 234)]","{'Width': 37, 'Height': 61, 'Left': 555, 'Top': 234}","(4.308, -0.208, 4.0, -0.217)",24.02625297,57.60630408,vertical,"(573.75, 264.5)","(0, 0)",555,234,1
Shiny,100,"[(606, 182), (592, 241), (568, 236), (582, 176)]","{'Width': 38, 'Height': 65, 'Left': 568, 'Top': 176}","(4.214, -0.208, 4.286, -0.25)",24.62696755,61.12497947,vertical,"(587.0, 208.75)","(0, 0)",568,176,1
Every,100,"[(620, 123), (606, 182), (582, 177), (596, 117)]","{'Width': 38, 'Height': 65, 'Left': 582, 'Top': 117}","(4.214, -0.208, 4.286, -0.25)",24.62696755,61.12497947,vertical,"(601.0, 149.75)","(0, 0)",582,117,1
MORRISON,100,"[(630, 26), (619, 79), (607, 76), (618, 23)]","{'Width': 23, 'Height': 56, 'Left': 607, 'Top': 23}","(4.818, -0.25, 4.818, -0.25)",12.36931688,54.12947441,vertical,"(618.5, 51.0)","(0, 0)",607,23,1
e,100,"[(654, 259), (650, 303), (624, 301), (628, 257)]","{'Width': 30, 'Height': 46, 'Left': 624, 'Top': 257}","(11.0, -0.077, 11.0, -0.077)",26.07680962,44.18144407,vertical,"(639.0, 280.0)","(0, 0)",624,257,0
ON,100,"[(742, 81), (743, 134), (712, 135), (711, 82)]","{'Width': 32, 'Height': 54, 'Left': 711, 'Top': 81}","(-53.0, 0.032, -53.0, 0.032)",31.01612484,53.00943312,vertical,"(727.0, 108.0)","(0, 0)",711,81,1
THE,100,"[(743, 150), (743, 223), (713, 224), (712, 151)]","{'Width': 31, 'Height': 74, 'Left': 712, 'Top': 150}","(1000.0, 0.033, -73.0, 0.032)",30.51639344,73.0034245,vertical,"(727.75, 187.0)","(0, 0)",712,150,1
COME,100,"[(743, 236), (743, 349), (715, 350), (713, 237)]","{'Width': 30, 'Height': 114, 'Left': 713, 'Top': 236}","(1000.0, 0.036, -56.5, 0.033)",29.01725675,113.0088489,vertical,"(728.5, 293.0)","(0, 0)",713,236,1
ON,100,"[(71, 80), (73, 134), (38, 135), (36, 81)]","{'Width': 37, 'Height': 55, 'Left': 36, 'Top': 80}","(-27.0, 0.029, -27.0, 0.029)",35.0142828,54.03702434,vertical,"(54.5, 107.5)","(0, 1)",36,80,1
THE,100,"[(73, 150), (76, 223), (42, 224), (39, 151)]","{'Width': 37, 'Height': 74, 'Left': 39, 'Top': 150}","(-24.333, 0.029, -24.333, 0.029)",34.0147027,73.06161783,vertical,"(57.5, 187.0)","(0, 1)",39,150,1
COME,100,"[(76, 235), (80, 348), (46, 349), (42, 236)]","{'Width': 38, 'Height': 114, 'Left': 42, 'Top': 235}","(-28.25, 0.029, -28.25, 0.029)",34.0147027,113.0707743,vertical,"(61.0, 292.0)","(0, 1)",42,235,1
U,100,"[(80, 363), (81, 387), (47, 388), (46, 364)]","{'Width': 35, 'Height': 25, 'Left': 46, 'Top': 363}","(-24.0, 0.029, -24.0, 0.029)",34.0147027,24.0208243,vertical,"(63.5, 375.5)","(0, 1)",46,363,1
THOMAS,100,"[(114, 44), (158, 44), (158, 53), (114, 53)]","{'Width': 44, 'Height': 9, 'Left': 114, 'Top': 44}","(-0.0, 1000.0, 0.0, 1000.0)",9,44,horizontal,"(136.0, 48.5)","(0, 1)",114,44,1
ON,100,"[(152, 76), (154, 131), (122, 132), (120, 77)]","{'Width': 34, 'Height': 56, 'Left': 120, 'Top': 76}","(-27.5, 0.031, -27.5, 0.031)",32.01562119,55.03635162,vertical,"(137.0, 104.0)","(0, 1)",120,76,1
THE,100,"[(154, 146), (157, 220), (125, 221), (122, 147)]","{'Width': 35, 'Height': 75, 'Left': 122, 'Top': 146}","(-24.667, 0.031, -24.667, 0.031)",32.01562119,74.06078585,vertical,"(139.5, 183.5)","(0, 1)",122,146,1
COME,100,"[(158, 232), (162, 344), (130, 345), (126, 233)]","{'Width': 36, 'Height': 113, 'Left': 126, 'Top': 232}","(-28.0, 0.031, -28.0, 0.031)",32.01562119,112.0714058,vertical,"(144.0, 288.5)","(0, 1)",126,232,1
UI,100,"[(163, 359), (164, 396), (131, 397), (130, 360)]","{'Width': 34, 'Height': 38, 'Left': 130, 'Top': 359}","(-37.0, 0.03, -37.0, 0.03)",33.01514804,37.01351105,vertical,"(147.0, 378.0)","(0, 1)",130,359,0
THE,100,"[(236, 73), (238, 152), (208, 153), (206, 74)]","{'Width': 32, 'Height': 80, 'Left': 206, 'Top': 73}","(-39.5, 0.033, -39.5, 0.033)",30.01666204,79.0253124,vertical,"(222.0, 113.0)","(0, 1)",206,73,1
HATE,100,"[(238, 163), (241, 264), (212, 265), (209, 164)]","{'Width': 32, 'Height': 102, 'Left': 209, 'Top': 163}","(-33.667, 0.034, -33.667, 0.034)",29.01723626,101.0445446,vertical,"(225.0, 214.0)","(0, 1)",209,163,1
U,100,"[(241, 277), (242, 301), (213, 302), (212, 278)]","{'Width': 30, 'Height': 25, 'Left': 212, 'Top': 277}","(-24.0, 0.034, -24.0, 0.034)",29.01723626,24.0208243,vertical,"(227.0, 289.5)","(0, 1)",212,277,1
GIV,100,"[(242, 317), (244, 384), (215, 385), (213, 318)]","{'Width': 31, 'Height': 68, 'Left': 213, 'Top': 317}","(-33.5, 0.034, -33.5, 0.034)",29.01723626,67.0298441,vertical,"(228.5, 351.0)","(0, 1)",213,317,1
THOMA,100,"[(288, 39), (326, 38), (326, 48), (288, 49)]","{'Width': 38, 'Height': 11, 'Left': 288, 'Top': 38}","(0.026, 1000.0, 0.026, 1000.0)",10,38.01315562,horizontal,"(307.0, 43.5)","(0, 1)",288,38,1
THE,100,"[(326, 70), (328, 148), (300, 149), (298, 71)]","{'Width': 30, 'Height': 79, 'Left': 298, 'Top': 70}","(-39.0, 0.036, -39.0, 0.036)",28.01785145,78.02563681,vertical,"(313.0, 109.5)","(0, 1)",298,70,1
HATE,100,"[(328, 154), (330, 260), (301, 261), (299, 155)]","{'Width': 31, 'Height': 107, 'Left': 299, 'Top': 154}","(-53.0, 0.034, -53.0, 0.034)",29.01723626,106.0188662,vertical,"(314.5, 207.5)","(0, 1)",299,154,1
V,100,"[(330, 272), (331, 296), (303, 297), (302, 273)]","{'Width': 29, 'Height': 25, 'Left': 302, 'Top': 272}","(-24.0, 0.036, -24.0, 0.036)",28.01785145,24.0208243,vertical,"(316.5, 284.5)","(0, 1)",302,272,1
GIV,100,"[(331, 313), (332, 382), (303, 383), (302, 314)]","{'Width': 30, 'Height': 70, 'Left': 302, 'Top': 313}","(-69.0, 0.034, -69.0, 0.034)",29.01723626,69.007246,vertical,"(317.0, 348.0)","(0, 1)",302,313,1
zamor,100,"[(380, 334), (378, 391), (353, 390), (355, 333)]","{'Width': 27, 'Height': 58, 'Left': 353, 'Top': 333}","(28.5, -0.04, 28.5, -0.04)",25.01999201,57.03507693,vertical,"(366.5, 362.0)","(0, 1)",353,333,1
EPICTAIL,100,"[(386, 208), (381, 331), (355, 330), (360, 207)]","{'Width': 31, 'Height': 124, 'Left': 355, 'Top': 207}","(24.6, -0.038, 24.6, -0.038)",26.01922366,123.1015841,vertical,"(370.5, 269.0)","(0, 1)",355,207,0
artur,100,"[(386, 341), (386, 389), (374, 389), (374, 341)]","{'Width': 12, 'Height': 48, 'Left': 374, 'Top': 341}","(1000.0, 0.0, 1000.0, -0.0)",12,48,vertical,"(380.0, 365.0)","(0, 1)",374,341,1
FAIL,100,"[(422, 278), (421, 339), (392, 338), (393, 277)]","{'Width': 30, 'Height': 62, 'Left': 392, 'Top': 277}","(61.0, -0.034, 61.0, -0.034)",29.01723626,61.00819617,vertical,"(407.0, 308.0)","(0, 1)",392,277,1
EPIC,100,"[(423, 209), (422, 275), (393, 274), (394, 208)]","{'Width': 30, 'Height': 67, 'Left': 393, 'Top': 208}","(66.0, -0.034, 66.0, -0.034)",29.01723626,66.00757532,vertical,"(408.0, 241.5)","(0, 1)",393,208,1
zamo,100,"[(408, 348), (408, 389), (399, 389), (399, 348)]","{'Width': 9, 'Height': 41, 'Left': 399, 'Top': 348}","(1000.0, 0.0, 1000.0, -0.0)",9,41,vertical,"(403.5, 368.5)","(0, 1)",399,348,1
zamor,100,"[(465, 314), (463, 385), (431, 384), (433, 313)]","{'Width': 34, 'Height': 72, 'Left': 431, 'Top': 313}","(35.5, -0.031, 35.5, -0.031)",32.01562119,71.02816343,vertical,"(448.0, 349.0)","(0, 1)",431,313,1
CARTAA,100,"[(447, 29), (448, 90), (433, 90), (432, 29)]","{'Width': 16, 'Height': 61, 'Left': 432, 'Top': 29}","(-61.0, 0.0, -61.0, -0.0)",15,61.00819617,vertical,"(440.0, 59.5)","(0, 1)",432,29,1
FAIL,100,"[(467, 238), (465, 309), (433, 308), (435, 237)]","{'Width': 34, 'Height': 72, 'Left': 433, 'Top': 237}","(35.5, -0.031, 35.5, -0.031)",32.01562119,71.02816343,vertical,"(450.0, 273.0)","(0, 1)",433,237,1
EPIC,100,"[(470, 155), (468, 234), (435, 233), (437, 154)]","{'Width': 35, 'Height': 80, 'Left': 435, 'Top': 154}","(39.5, -0.03, 39.5, -0.03)",33.01514804,79.0253124,vertical,"(452.5, 194.0)","(0, 1)",435,154,1
PA3E2,100,"[(465, 35), (466, 81), (451, 81), (450, 35)]","{'Width': 16, 'Height': 46, 'Left': 450, 'Top': 35}","(-46.0, 0.0, -46.0, -0.0)",15,46.01086828,vertical,"(458.0, 58.0)","(0, 1)",450,35,0
artur,100,"[(472, 324), (472, 381), (457, 381), (457, 324)]","{'Width': 15, 'Height': 57, 'Left': 457, 'Top': 324}","(1000.0, 0.0, 1000.0, -0.0)",15,57,vertical,"(464.5, 352.5)","(0, 1)",457,324,1
zamor,100,"[(515, 313), (513, 385), (480, 384), (482, 312)]","{'Width': 35, 'Height': 73, 'Left': 480, 'Top': 312}","(36.0, -0.03, 36.0, -0.03)",33.01514804,72.02777242,vertical,"(497.5, 348.5)","(0, 1)",480,312,1
CARTAYA,100,"[(498, 29), (498, 89), (482, 89), (482, 29)]","{'Width': 16, 'Height': 60, 'Left': 482, 'Top': 29}","(1000.0, 0.0, 1000.0, -0.0)",16,60,vertical,"(490.0, 59.0)","(0, 1)",482,29,1
FAIL,100,"[(516, 237), (514, 309), (482, 308), (484, 236)]","{'Width': 34, 'Height': 73, 'Left': 482, 'Top': 236}","(36.0, -0.031, 36.0, -0.031)",32.01562119,72.02777242,vertical,"(499.0, 272.5)","(0, 1)",482,236,1
EPIC,100,"[(519, 153), (517, 233), (484, 232), (486, 152)]","{'Width': 35, 'Height': 81, 'Left': 484, 'Top': 152}","(40.0, -0.03, 40.0, -0.03)",33.01514804,80.02499609,vertical,"(501.5, 192.5)","(0, 1)",484,152,1
artur,100,"[(521, 322), (521, 381), (505, 381), (505, 322)]","{'Width': 16, 'Height': 59, 'Left': 505, 'Top': 322}","(1000.0, 0.0, 1000.0, -0.0)",16,59,vertical,"(513.0, 351.5)","(0, 1)",505,322,1
INTERNMEN,100,"[(584, 185), (583, 386), (546, 386), (547, 185)]","{'Width': 38, 'Height': 201, 'Left': 546, 'Top': 185}","(201.0, 0.0, 201.0, -0.0)",37,201.0024875,vertical,"(565.0, 285.5)","(0, 1)",546,185,1
AHMED,100,"[(563, 20), (563, 78), (548, 78), (548, 20)]","{'Width': 15, 'Height': 58, 'Left': 548, 'Top': 20}","(1000.0, 0.0, 1000.0, -0.0)",15,58,vertical,"(555.5, 49.0)","(0, 1)",548,20,1
SAMIRA,100,"[(585, 18), (585, 80), (570, 80), (570, 18)]","{'Width': 15, 'Height': 62, 'Left': 570, 'Top': 18}","(1000.0, 0.0, 1000.0, -0.0)",15,62,vertical,"(577.5, 49.0)","(0, 1)",570,18,1
INTERNMEN,100,"[(644, 202), (643, 392), (608, 392), (609, 202)]","{'Width': 36, 'Height': 190, 'Left': 608, 'Top': 202}","(190.0, 0.0, 190.0, -0.0)",35,190.0026316,vertical,"(626.0, 297.0)","(0, 1)",608,202,1
AHMED,100,"[(626, 45), (625, 98), (611, 98), (612, 45)]","{'Width': 15, 'Height': 53, 'Left': 611, 'Top': 45}","(53.0, 0.0, 53.0, -0.0)",14,53.00943312,vertical,"(618.5, 71.5)","(0, 1)",611,45,1
SAMICA,100,"[(646, 41), (646, 98), (630, 98), (630, 41)]","{'Width': 16, 'Height': 57, 'Left': 630, 'Top': 41}","(1000.0, 0.0, 1000.0, -0.0)",16,57,vertical,"(638.0, 69.5)","(0, 1)",630,41,1
LOOK,100,"[(131, 180), (134, 248), (113, 249), (110, 181)]","{'Width': 24, 'Height': 69, 'Left': 110, 'Top': 180}","(-22.667, 0.048, -22.667, 0.048)",21.02379604,68.0661443,vertical,"(122.0, 214.5)","(1, 0)",110,180,1
BOTH,100,"[(134, 260), (136, 326), (114, 327), (112, 261)]","{'Width': 24, 'Height': 67, 'Left': 112, 'Top': 260}","(-33.0, 0.045, -33.0, 0.045)",22.02271555,66.03029608,vertical,"(124.0, 293.5)","(1, 0)",112,260,1
WAYS,100,"[(137, 339), (139, 404), (117, 405), (115, 340)]","{'Width': 24, 'Height': 66, 'Left': 115, 'Top': 339}","(-32.5, 0.045, -32.5, 0.045)",22.02271555,65.03076195,vertical,"(127.0, 372.0)","(1, 0)",115,339,1
DERED,100,"[(200, 177), (204, 328), (167, 329), (163, 178)]","{'Width': 41, 'Height': 152, 'Left': 163, 'Top': 177}","(-37.75, 0.027, -37.75, 0.027)",37.01351105,151.0529708,vertical,"(183.5, 253.0)","(1, 0)",163,177,0
PENCIL,100,"[(204, 336), (207, 451), (170, 452), (167, 337)]","{'Width': 40, 'Height': 116, 'Left': 167, 'Top': 336}","(-38.333, 0.027, -38.333, 0.027)",37.01351105,115.0391238,vertical,"(187.0, 394.0)","(1, 0)",167,336,1
RED,100,"[(241, 181), (242, 221), (214, 222), (213, 182)]","{'Width': 29, 'Height': 41, 'Left': 213, 'Top': 181}","(-40.0, 0.036, -40.0, 0.036)",28.01785145,40.01249805,vertical,"(227.5, 201.5)","(1, 0)",213,181,1
WHITE,100,"[(242, 230), (244, 285), (217, 286), (215, 231)]","{'Width': 29, 'Height': 56, 'Left': 215, 'Top': 230}","(-27.5, 0.037, -27.5, 0.037)",27.01851217,55.03635162,vertical,"(229.5, 258.0)","(1, 0)",215,230,1
",",100,"[(243, 280), (243, 292), (216, 293), (216, 281)]","{'Width': 27, 'Height': 13, 'Left': 216, 'Top': 280}","(1000.0, 0.037, 1000.0, 0.037)",27.01851217,12,vertical,"(229.5, 286.5)","(1, 0)",216,280,1
and,100,"[(244, 292), (245, 323), (218, 324), (217, 293)]","{'Width': 28, 'Height': 32, 'Left': 217, 'Top': 292}","(-31.0, 0.037, -31.0, 0.037)",27.01851217,31.01612484,vertical,"(231.0, 308.0)","(1, 0)",217,292,1
WHOLE,100,"[(245, 325), (247, 415), (219, 416), (217, 326)]","{'Width': 30, 'Height': 91, 'Left': 217, 'Top': 325}","(-45.0, 0.036, -45.0, 0.036)",28.01785145,90.02221948,vertical,"(232.0, 370.5)","(1, 0)",217,325,1
ET,100,"[(305, 54), (305, 93), (251, 94), (251, 55)]","{'Width': 54, 'Height': 40, 'Left': 251, 'Top': 54}","(1000.0, 0.019, 1000.0, 0.019)",54.00925847,39,vertical,"(278.0, 74.0)","(1, 0)",251,54,0
SUSPENDEDE,100,"[(306, 98), (310, 451), (255, 452), (251, 99)]","{'Width': 59, 'Height': 354, 'Left': 251, 'Top': 98}","(-88.25, 0.018, -88.25, 0.018)",55.00909016,353.0226622,vertical,"(280.5, 275.0)","(1, 0)",251,98,1
INGSUT,100,"[(302, 44), (253, 43), (253, 29), (302, 30)]","{'Width': 49, 'Height': 15, 'Left': 253, 'Top': 29}","(-0.02, 1000.0, -0.02, 1000.0)",14,49.01020302,horizontal,"(277.5, 36.5)","(1, 0)",253,29,0
FSG,100,"[(333, 474), (359, 477), (357, 488), (332, 485)]","{'Width': 27, 'Height': 14, 'Left': 332, 'Top': 474}","(-0.115, 5.5, -0.12, 11.0)",11.11285045,25.67593064,horizontal,"(345.25, 481.0)","(1, 0)",332,474,0
For,100,"[(352, 180), (352, 206), (335, 206), (335, 180)]","{'Width': 17, 'Height': 26, 'Left': 335, 'Top': 180}","(1000.0, 0.0, 1000.0, -0.0)",17,26,vertical,"(343.5, 193.0)","(1, 0)",335,180,1
Black,100,"[(352, 212), (352, 257), (335, 257), (335, 212)]","{'Width': 17, 'Height': 45, 'Left': 335, 'Top': 212}","(1000.0, 0.0, 1000.0, -0.0)",17,45,vertical,"(343.5, 234.5)","(1, 0)",335,212,1
Girls,100,"[(352, 261), (352, 304), (335, 304), (335, 261)]","{'Width': 17, 'Height': 43, 'Left': 335, 'Top': 261}","(1000.0, 0.0, 1000.0, -0.0)",17,43,vertical,"(343.5, 282.5)","(1, 0)",335,261,1
Like,100,"[(352, 306), (352, 342), (335, 342), (335, 306)]","{'Width': 17, 'Height': 36, 'Left': 335, 'Top': 306}","(1000.0, 0.0, 1000.0, -0.0)",17,36,vertical,"(343.5, 324.0)","(1, 0)",335,306,1
Me,100,"[(352, 346), (352, 367), (335, 367), (335, 346)]","{'Width': 17, 'Height': 21, 'Left': 335, 'Top': 346}","(1000.0, 0.0, 1000.0, -0.0)",17,21,vertical,"(343.5, 356.5)","(1, 0)",335,346,1
Lockington,100,"[(351, 60), (351, 124), (337, 124), (337, 60)]","{'Width': 14, 'Height': 64, 'Left': 337, 'Top': 60}","(1000.0, 0.0, 1000.0, -0.0)",14,64,vertical,"(344.0, 92.0)","(1, 0)",337,60,1
Inside,100,"[(414, 249), (414, 289), (398, 289), (398, 249)]","{'Width': 16, 'Height': 40, 'Left': 398, 'Top': 249}","(1000.0, 0.0, 1000.0, -0.0)",16,40,vertical,"(406.0, 269.0)","(1, 0)",398,249,1
Out,100,"[(414, 291), (414, 317), (398, 317), (398, 291)]","{'Width': 16, 'Height': 26, 'Left': 398, 'Top': 291}","(1000.0, 0.0, 1000.0, -0.0)",16,26,vertical,"(406.0, 304.0)","(1, 0)",398,291,1
&,100,"[(414, 319), (414, 331), (398, 331), (398, 319)]","{'Width': 16, 'Height': 12, 'Left': 398, 'Top': 319}","(1000.0, 0.0, 1000.0, -0.0)",16,12,vertical,"(406.0, 325.0)","(1, 0)",398,319,1
Back,100,"[(414, 336), (414, 371), (398, 371), (398, 336)]","{'Width': 16, 'Height': 35, 'Left': 398, 'Top': 336}","(1000.0, 0.0, 1000.0, -0.0)",16,35,vertical,"(406.0, 353.5)","(1, 0)",398,336,1
Again,100,"[(414, 373), (414, 410), (398, 410), (398, 373)]","{'Width': 16, 'Height': 37, 'Left': 398, 'Top': 373}","(1000.0, 0.0, 1000.0, -0.0)",16,37,vertical,"(406.0, 391.5)","(1, 0)",398,373,1
Swing,100,"[(465, 153), (466, 251), (430, 251), (429, 153)]","{'Width': 37, 'Height': 98, 'Left': 429, 'Top': 153}","(-98.0, 0.0, -98.0, -0.0)",36,98.00510191,vertical,"(447.5, 202.0)","(1, 0)",429,153,1
ALEXANDER,100,"[(451, 338), (452, 426), (435, 426), (434, 338)]","{'Width': 18, 'Height': 88, 'Left': 434, 'Top': 338}","(-88.0, 0.0, -88.0, -0.0)",17,88.00568163,vertical,"(443.0, 382.0)","(1, 0)",434,338,1
KWAME,100,"[(470, 357), (471, 412), (454, 412), (453, 357)]","{'Width': 18, 'Height': 55, 'Left': 453, 'Top': 357}","(-55.0, 0.0, -55.0, -0.0)",17,55.00909016,vertical,"(462.0, 384.5)","(1, 0)",453,357,1
2,100,"[(526, 60), (527, 110), (488, 111), (487, 61)]","{'Width': 40, 'Height': 51, 'Left': 487, 'Top': 60}","(-50.0, 0.026, -50.0, 0.026)",39.01281841,50.009999,vertical,"(507.0, 85.5)","(1, 0)",487,60,0
Swing,100,"[(528, 148), (530, 250), (490, 251), (488, 149)]","{'Width': 42, 'Height': 103, 'Left': 488, 'Top': 148}","(-51.0, 0.025, -51.0, 0.025)",40.01249805,102.019606,vertical,"(509.0, 199.5)","(1, 0)",488,148,1
ALEXANDER,100,"[(511, 337), (512, 426), (495, 426), (494, 337)]","{'Width': 18, 'Height': 89, 'Left': 494, 'Top': 337}","(-89.0, 0.0, -89.0, -0.0)",17,89.0056178,vertical,"(503.0, 381.5)","(1, 0)",494,337,1
KWAME,100,"[(531, 356), (531, 412), (515, 412), (515, 356)]","{'Width': 16, 'Height': 56, 'Left': 515, 'Top': 356}","(1000.0, 0.0, 1000.0, -0.0)",16,56,vertical,"(523.0, 384.0)","(1, 0)",515,356,1
WOODSON,100,"[(567, 78), (566, 159), (553, 159), (554, 78)]","{'Width': 14, 'Height': 81, 'Left': 553, 'Top': 78}","(81.0, 0.0, 81.0, -0.0)",13,81.0061726,vertical,"(560.0, 118.5)","(1, 0)",553,78,1
dreaming,100,"[(581, 283), (579, 366), (558, 366), (560, 283)]","{'Width': 23, 'Height': 83, 'Left': 558, 'Top': 283}","(41.5, 0.0, 41.5, -0.0)",21,83.02409289,vertical,"(569.5, 324.5)","(1, 0)",558,283,1
girl,100,"[(581, 248), (580, 278), (560, 278), (561, 248)]","{'Width': 21, 'Height': 30, 'Left': 560, 'Top': 248}","(30.0, 0.0, 30.0, -0.0)",20,30.01666204,vertical,"(570.5, 263.0)","(1, 0)",560,248,1
brown,100,"[(583, 182), (582, 241), (561, 241), (562, 182)]","{'Width': 22, 'Height': 59, 'Left': 561, 'Top': 182}","(59.0, 0.0, 59.0, -0.0)",21,59.00847397,vertical,"(572.0, 211.5)","(1, 0)",561,182,1
JACQUELINE,100,"[(585, 68), (583, 170), (562, 170), (564, 68)]","{'Width': 23, 'Height': 102, 'Left': 562, 'Top': 68}","(51.0, 0.0, 51.0, -0.0)",21,102.019606,vertical,"(573.5, 119.0)","(1, 0)",562,68,1
RED,100,"[(640, 183), (641, 223), (613, 223), (612, 183)]","{'Width': 29, 'Height': 40, 'Left': 612, 'Top': 183}","(-40.0, 0.0, -40.0, -0.0)",28,40.01249805,vertical,"(626.5, 203.0)","(1, 0)",612,183,1
.,100,"[(640, 217), (640, 229), (612, 229), (612, 217)]","{'Width': 28, 'Height': 12, 'Left': 612, 'Top': 217}","(1000.0, 0.0, 1000.0, -0.0)",28,12,vertical,"(626.0, 223.0)","(1, 0)",612,217,1
WHITE,100,"[(641, 232), (642, 288), (613, 288), (612, 232)]","{'Width': 30, 'Height': 56, 'Left': 612, 'Top': 232}","(-56.0, 0.0, -56.0, -0.0)",29,56.00892786,vertical,"(627.0, 260.0)","(1, 0)",612,232,1
",",100,"[(641, 281), (641, 292), (613, 292), (613, 281)]","{'Width': 28, 'Height': 11, 'Left': 613, 'Top': 281}","(1000.0, 0.0, 1000.0, -0.0)",28,11,vertical,"(627.0, 286.5)","(1, 0)",613,281,1
and,100,"[(641, 294), (641, 325), (613, 325), (613, 294)]","{'Width': 28, 'Height': 31, 'Left': 613, 'Top': 294}","(1000.0, 0.0, 1000.0, -0.0)",28,31,vertical,"(627.0, 309.5)","(1, 0)",613,294,1
WHOLE,100,"[(642, 329), (643, 419), (614, 419), (613, 329)]","{'Width': 30, 'Height': 90, 'Left': 613, 'Top': 329}","(-90.0, 0.0, -90.0, -0.0)",29,90.00555538,vertical,"(628.0, 374.0)","(1, 0)",613,329,1
LAROCCA,100,"[(631, 73), (632, 150), (619, 150), (618, 73)]","{'Width': 14, 'Height': 77, 'Left': 618, 'Top': 73}","(-77.0, 0.0, -77.0, -0.0)",13,77.00649323,vertical,"(625.0, 111.5)","(1, 0)",618,73,1
NOTHING,100,"[(675, 170), (677, 268), (659, 268), (657, 170)]","{'Width': 20, 'Height': 98, 'Left': 657, 'Top': 170}","(-49.0, 0.0, -49.0, -0.0)",18,98.02040604,vertical,"(667.0, 219.0)","(1, 0)",657,170,1
BUT,100,"[(677, 276), (678, 323), (660, 323), (659, 276)]","{'Width': 19, 'Height': 47, 'Left': 659, 'Top': 276}","(-47.0, 0.0, -47.0, -0.0)",18,47.01063709,vertical,"(668.5, 299.5)","(1, 0)",659,276,1
THE,100,"[(678, 329), (679, 374), (661, 374), (660, 329)]","{'Width': 19, 'Height': 45, 'Left': 660, 'Top': 329}","(-45.0, 0.0, -45.0, -0.0)",18,45.01110974,vertical,"(669.5, 351.5)","(1, 0)",660,329,1
TRUTH,100,"[(679, 381), (680, 456), (662, 456), (661, 381)]","{'Width': 19, 'Height': 75, 'Left': 661, 'Top': 381}","(-75.0, 0.0, -75.0, -0.0)",18,75.00666637,vertical,"(670.5, 418.5)","(1, 0)",661,381,1
DE,100,"[(680, 464), (681, 503), (664, 503), (663, 464)]","{'Width': 18, 'Height': 39, 'Left': 663, 'Top': 464}","(-39.0, 0.0, -39.0, -0.0)",17,39.01281841,vertical,"(672.0, 483.5)","(1, 0)",663,464,0
The,100,"[(717, 186), (718, 227), (691, 228), (690, 187)]","{'Width': 28, 'Height': 42, 'Left': 690, 'Top': 186}","(-41.0, 0.037, -41.0, 0.037)",27.01851217,41.01219331,vertical,"(704.0, 207.0)","(1, 0)",690,186,1
Things,100,"[(718, 229), (721, 307), (694, 308), (691, 230)]","{'Width': 30, 'Height': 79, 'Left': 691, 'Top': 229}","(-26.0, 0.037, -26.0, 0.037)",27.01851217,78.05767099,vertical,"(706.0, 268.5)","(1, 0)",691,229,1
She's,100,"[(721, 312), (723, 368), (696, 369), (694, 313)]","{'Width': 29, 'Height': 57, 'Left': 694, 'Top': 312}","(-28.0, 0.037, -28.0, 0.037)",27.01851217,56.0357029,vertical,"(708.5, 340.5)","(1, 0)",694,312,1
Seen,100,"[(723, 373), (725, 427), (698, 428), (696, 374)]","{'Width': 29, 'Height': 55, 'Left': 696, 'Top': 373}","(-27.0, 0.037, -27.0, 0.037)",27.01851217,54.03702434,vertical,"(710.5, 400.5)","(1, 0)",696,373,1
X,100,"[(725, 449), (726, 466), (700, 467), (699, 450)]","{'Width': 27, 'Height': 18, 'Left': 699, 'Top': 449}","(-17.0, 0.038, -17.0, 0.038)",26.01922366,17.02938637,vertical,"(712.5, 458.0)","(1, 0)",699,449,0
The,100,"[(44, 186), (45, 226), (19, 227), (18, 187)]","{'Width': 27, 'Height': 41, 'Left': 18, 'Top': 186}","(-40.0, 0.038, -40.0, 0.038)",26.01922366,40.01249805,vertical,"(31.5, 206.5)","(1, 1)",18,186,1
COLLA,100,"[(35, 73), (38, 129), (23, 130), (20, 74)]","{'Width': 18, 'Height': 57, 'Left': 20, 'Top': 73}","(-18.667, 0.067, -18.667, 0.067)",15.03329638,56.08029957,vertical,"(29.0, 101.5)","(1, 1)",20,73,0
Things,100,"[(45, 228), (47, 307), (22, 308), (20, 229)]","{'Width': 27, 'Height': 80, 'Left': 20, 'Top': 228}","(-39.5, 0.04, -39.5, 0.04)",25.01999201,79.0253124,vertical,"(33.5, 268.0)","(1, 1)",20,228,1
She's,100,"[(48, 312), (50, 368), (24, 369), (22, 313)]","{'Width': 28, 'Height': 57, 'Left': 22, 'Top': 312}","(-28.0, 0.038, -28.0, 0.038)",26.01922366,56.0357029,vertical,"(36.0, 340.5)","(1, 1)",22,312,1
Seen,100,"[(49, 372), (51, 427), (26, 428), (24, 373)]","{'Width': 27, 'Height': 56, 'Left': 24, 'Top': 372}","(-27.5, 0.04, -27.5, 0.04)",25.01999201,55.03635162,vertical,"(37.5, 400.0)","(1, 1)",24,372,1
JASON,100,"[(93, 78), (94, 144), (75, 144), (74, 78)]","{'Width': 20, 'Height': 66, 'Left': 74, 'Top': 78}","(-66.0, 0.0, -66.0, -0.0)",19,66.00757532,vertical,"(84.0, 111.0)","(1, 1)",74,78,1
REYNOLDS,100,"[(95, 152), (97, 261), (78, 261), (76, 152)]","{'Width': 21, 'Height': 109, 'Left': 76, 'Top': 152}","(-54.5, 0.0, -54.5, -0.0)",19,109.0183471,vertical,"(86.5, 206.5)","(1, 1)",76,152,1
LONG,100,"[(97, 289), (98, 345), (80, 345), (79, 289)]","{'Width': 19, 'Height': 56, 'Left': 79, 'Top': 289}","(-56.0, 0.0, -56.0, -0.0)",18,56.00892786,vertical,"(88.5, 317.0)","(1, 1)",79,289,1
WAY,100,"[(99, 350), (100, 393), (81, 393), (80, 350)]","{'Width': 20, 'Height': 43, 'Left': 80, 'Top': 350}","(-43.0, 0.0, -43.0, -0.0)",19,43.01162634,vertical,"(90.0, 371.5)","(1, 1)",80,350,1
DOWNE,100,"[(100, 399), (102, 493), (83, 493), (81, 399)]","{'Width': 21, 'Height': 94, 'Left': 81, 'Top': 399}","(-47.0, 0.0, -47.0, -0.0)",19,94.02127419,vertical,"(91.5, 446.0)","(1, 1)",81,399,1
Marilyn,100,"[(121, 65), (178, 66), (178, 80), (121, 79)]","{'Width': 57, 'Height': 15, 'Left': 121, 'Top': 65}","(-0.018, 1000.0, -0.018, 1000.0)",14,57.00877125,horizontal,"(149.5, 72.5)","(1, 1)",121,65,1
Hilton,100,"[(127, 80), (173, 82), (172, 95), (126, 93)]","{'Width': 47, 'Height': 15, 'Left': 126, 'Top': 80}","(-0.043, 13.0, -0.043, 13.0)",13.03840481,46.04345773,horizontal,"(149.5, 87.5)","(1, 1)",126,80,1
Full,100,"[(163, 184), (163, 230), (142, 230), (142, 184)]","{'Width': 21, 'Height': 46, 'Left': 142, 'Top': 184}","(1000.0, 0.0, 1000.0, -0.0)",21,46,vertical,"(152.5, 207.0)","(1, 1)",142,184,1
Cicada,100,"[(163, 240), (163, 336), (142, 336), (142, 240)]","{'Width': 21, 'Height': 96, 'Left': 142, 'Top': 240}","(1000.0, 0.0, 1000.0, -0.0)",21,96,vertical,"(152.5, 288.0)","(1, 1)",142,240,1
Moon,100,"[(163, 348), (163, 421), (142, 421), (142, 348)]","{'Width': 21, 'Height': 73, 'Left': 142, 'Top': 348}","(1000.0, 0.0, 1000.0, -0.0)",21,73,vertical,"(152.5, 384.5)","(1, 1)",142,348,1
G,100,"[(164, 433), (164, 461), (143, 461), (143, 433)]","{'Width': 21, 'Height': 28, 'Left': 143, 'Top': 433}","(1000.0, 0.0, 1000.0, -0.0)",21,28,vertical,"(153.5, 447.0)","(1, 1)",143,433,0
HOME,100,"[(227, 202), (227, 262), (204, 262), (204, 202)]","{'Width': 23, 'Height': 60, 'Left': 204, 'Top': 202}","(1000.0, 0.0, 1000.0, -0.0)",23,60,vertical,"(215.5, 232.0)","(1, 1)",204,202,1
OF,100,"[(227, 267), (227, 293), (204, 293), (204, 267)]","{'Width': 23, 'Height': 26, 'Left': 204, 'Top': 267}","(1000.0, 0.0, 1000.0, -0.0)",23,26,vertical,"(215.5, 280.0)","(1, 1)",204,267,1
THE,100,"[(227, 298), (227, 337), (204, 337), (204, 298)]","{'Width': 23, 'Height': 39, 'Left': 204, 'Top': 298}","(1000.0, 0.0, 1000.0, -0.0)",23,39,vertical,"(215.5, 317.5)","(1, 1)",204,298,1
BRAVE,100,"[(228, 343), (229, 413), (206, 413), (205, 343)]","{'Width': 24, 'Height': 70, 'Left': 205, 'Top': 343}","(-70.0, 0.0, -70.0, -0.0)",23,70.00714249,vertical,"(217.0, 378.0)","(1, 1)",205,343,1
APPLEGATE,100,"[(219, 113), (220, 173), (210, 173), (209, 113)]","{'Width': 11, 'Height': 60, 'Left': 209, 'Top': 113}","(-60.0, 0.0, -60.0, -0.0)",10,60.00833275,vertical,"(214.5, 143.0)","(1, 1)",209,113,1
ECROSSOVER,100,"[(269, 223), (269, 342), (243, 342), (243, 223)]","{'Width': 26, 'Height': 119, 'Left': 243, 'Top': 223}","(1000.0, 0.0, 1000.0, -0.0)",26,119,vertical,"(256.0, 282.5)","(1, 1)",243,223,1
ALEXANDER,100,"[(261, 111), (262, 186), (247, 186), (246, 111)]","{'Width': 16, 'Height': 75, 'Left': 246, 'Top': 111}","(-75.0, 0.0, -75.0, -0.0)",15,75.00666637,vertical,"(254.0, 148.5)","(1, 1)",246,111,1
ECROSSOVER,100,"[(306, 217), (309, 338), (281, 339), (278, 218)]","{'Width': 31, 'Height': 122, 'Left': 278, 'Top': 217}","(-40.333, 0.036, -40.333, 0.036)",28.01785145,121.0371844,vertical,"(293.5, 278.0)","(1, 1)",278,217,1
ALEXANDER,100,"[(297, 106), (299, 181), (284, 181), (282, 106)]","{'Width': 17, 'Height': 75, 'Left': 282, 'Top': 106}","(-37.5, 0.0, -37.5, -0.0)",15,75.02666193,vertical,"(290.5, 143.5)","(1, 1)",282,106,1
POETX,100,"[(369, 297), (370, 427), (335, 427), (334, 297)]","{'Width': 36, 'Height': 130, 'Left': 334, 'Top': 297}","(-130.0, 0.0, -130.0, -0.0)",35,130.0038461,vertical,"(352.0, 362.0)","(1, 1)",334,297,1
THE,100,"[(369, 243), (369, 288), (335, 288), (335, 243)]","{'Width': 34, 'Height': 45, 'Left': 335, 'Top': 243}","(1000.0, 0.0, 1000.0, -0.0)",34,45,vertical,"(352.0, 265.5)","(1, 1)",335,243,1
ACEVEDO,100,"[(357, 64), (357, 137), (345, 137), (345, 64)]","{'Width': 12, 'Height': 73, 'Left': 345, 'Top': 64}","(1000.0, 0.0, 1000.0, -0.0)",12,73,vertical,"(351.0, 100.5)","(1, 1)",345,64,1
RETURN,100,"[(422, 312), (423, 422), (395, 422), (394, 312)]","{'Width': 29, 'Height': 110, 'Left': 394, 'Top': 312}","(-110.0, 0.0, -110.0, -0.0)",28,110.0045454,vertical,"(408.5, 367.0)","(1, 1)",394,312,1
NO,100,"[(422, 260), (422, 301), (395, 301), (395, 260)]","{'Width': 27, 'Height': 41, 'Left': 395, 'Top': 260}","(1000.0, 0.0, 1000.0, -0.0)",27,41,vertical,"(408.5, 280.5)","(1, 1)",395,260,1
ALEXANDER,100,"[(421, 80), (421, 169), (406, 169), (406, 80)]","{'Width': 15, 'Height': 89, 'Left': 406, 'Top': 80}","(1000.0, 0.0, 1000.0, -0.0)",15,89,vertical,"(413.5, 124.5)","(1, 1)",406,80,1
LITTLE,100,"[(410, 466), (433, 466), (433, 474), (410, 474)]","{'Width': 23, 'Height': 8, 'Left': 410, 'Top': 466}","(-0.0, 1000.0, 0.0, 1000.0)",8,23,horizontal,"(421.5, 470.0)","(1, 1)",410,466,0
BRIV'S,100,"[(410, 476), (435, 476), (435, 483), (410, 483)]","{'Width': 25, 'Height': 7, 'Left': 410, 'Top': 476}","(-0.0, 1000.0, 0.0, 1000.0)",7,25,horizontal,"(422.5, 479.5)","(1, 1)",410,476,0
0,100,"[(436, 451), (436, 463), (411, 463), (411, 451)]","{'Width': 25, 'Height': 12, 'Left': 411, 'Top': 451}","(1000.0, 0.0, 1000.0, -0.0)",25,12,vertical,"(423.5, 457.0)","(1, 1)",411,451,0
KWAME,100,"[(442, 96), (442, 153), (427, 153), (427, 96)]","{'Width': 15, 'Height': 57, 'Left': 427, 'Top': 96}","(1000.0, 0.0, 1000.0, -0.0)",15,57,vertical,"(434.5, 124.5)","(1, 1)",427,96,1
THE,100,"[(449, 259), (449, 306), (428, 306), (428, 259)]","{'Width': 21, 'Height': 47, 'Left': 428, 'Top': 259}","(1000.0, 0.0, 1000.0, -0.0)",21,47,vertical,"(438.5, 282.5)","(1, 1)",428,259,1
DOOR,100,"[(449, 314), (449, 382), (428, 382), (428, 314)]","{'Width': 21, 'Height': 68, 'Left': 428, 'Top': 314}","(1000.0, 0.0, 1000.0, -0.0)",21,68,vertical,"(438.5, 348.0)","(1, 1)",428,314,1
OF,100,"[(449, 391), (449, 423), (428, 423), (428, 391)]","{'Width': 21, 'Height': 32, 'Left': 428, 'Top': 391}","(1000.0, 0.0, 1000.0, -0.0)",21,32,vertical,"(438.5, 407.0)","(1, 1)",428,391,1
IT,100,"[(524, 395), (523, 424), (493, 423), (494, 394)]","{'Width': 31, 'Height': 30, 'Left': 493, 'Top': 394}","(29.0, -0.033, 29.0, -0.033)",30.01666204,29.01723626,vertical,"(508.5, 409.0)","(1, 1)",493,394,1
MAKE,100,"[(527, 300), (525, 383), (494, 382), (496, 299)]","{'Width': 33, 'Height': 84, 'Left': 494, 'Top': 299}","(41.5, -0.032, 41.5, -0.032)",31.01612484,83.02409289,vertical,"(510.5, 341.0)","(1, 1)",494,299,1
WE,100,"[(528, 243), (527, 290), (496, 289), (497, 242)]","{'Width': 32, 'Height': 48, 'Left': 496, 'Top': 242}","(47.0, -0.032, 47.0, -0.032)",31.01612484,47.01063709,vertical,"(512.0, 266.0)","(1, 1)",496,242,1
WHEN,100,"[(530, 143), (528, 230), (497, 229), (499, 142)]","{'Width': 33, 'Height': 88, 'Left': 497, 'Top': 142}","(43.5, -0.032, 43.5, -0.032)",31.01612484,87.02298547,vertical,"(513.5, 186.0)","(1, 1)",497,142,1
VELASQUEZ,100,"[(511, 48), (511, 123), (499, 123), (499, 48)]","{'Width': 12, 'Height': 75, 'Left': 499, 'Top': 48}","(1000.0, 0.0, 1000.0, -0.0)",12,75,vertical,"(505.0, 85.5)","(1, 1)",499,48,1
LIST,100,"[(531, 57), (529, 129), (499, 128), (501, 56)]","{'Width': 32, 'Height': 73, 'Left': 499, 'Top': 56}","(36.0, -0.033, 36.0, -0.033)",30.01666204,72.02777242,vertical,"(515.0, 92.5)","(1, 1)",499,56,0
SALAAM,100,"[(562, 68), (617, 68), (617, 89), (562, 89)]","{'Width': 55, 'Height': 21, 'Left': 562, 'Top': 68}","(-0.0, 1000.0, 0.0, 1000.0)",21,55,horizontal,"(589.5, 78.5)","(1, 1)",562,68,1
ZOBO,100,"[(570, 40), (605, 40), (605, 60), (570, 60)]","{'Width': 35, 'Height': 20, 'Left': 570, 'Top': 40}","(-0.0, 1000.0, 0.0, 1000.0)",20,35,horizontal,"(587.5, 50.0)","(1, 1)",570,40,1
AIR,100,"[(603, 354), (602, 426), (570, 426), (571, 354)]","{'Width': 33, 'Height': 72, 'Left': 570, 'Top': 354}","(72.0, 0.0, 72.0, -0.0)",32,72.00694411,vertical,"(586.5, 390.0)","(1, 1)",570,354,1
B,100,"[(602, 450), (602, 474), (571, 474), (571, 450)]","{'Width': 31, 'Height': 24, 'Left': 571, 'Top': 450}","(1000.0, 0.0, 1000.0, -0.0)",31,24,vertical,"(586.5, 462.0)","(1, 1)",571,450,1
DUNCHING,100,"[(605, 126), (604, 304), (572, 304), (573, 126)]","{'Width': 33, 'Height': 178, 'Left': 572, 'Top': 126}","(178.0, 0.0, 178.0, -0.0)",32,178.002809,vertical,"(588.5, 215.0)","(1, 1)",572,126,1
THE,100,"[(603, 305), (603, 355), (572, 355), (572, 305)]","{'Width': 31, 'Height': 50, 'Left': 572, 'Top': 305}","(1000.0, 0.0, 1000.0, -0.0)",31,50,vertical,"(587.5, 330.0)","(1, 1)",572,305,1
BOOKED,100,"[(684, 164), (684, 286), (642, 286), (642, 164)]","{'Width': 42, 'Height': 122, 'Left': 642, 'Top': 164}","(1000.0, 0.0, 1000.0, -0.0)",42,122,vertical,"(663.0, 225.0)","(1, 1)",642,164,1
ALEXANDER,100,"[(670, 44), (670, 104), (658, 104), (658, 44)]","{'Width': 12, 'Height': 60, 'Left': 658, 'Top': 44}","(1000.0, 0.0, 1000.0, -0.0)",12,60,vertical,"(664.0, 74.0)","(1, 1)",658,44,1
BLACK,100,"[(166, 71), (174, 197), (144, 199), (136, 73)]","{'Width': 38, 'Height': 128, 'Left': 136, 'Top': 71}","(-15.75, 0.067, -15.75, 0.067)",30.06659276,126.2537128,vertical,"(155.0, 135.0)","(2, 0)",136,71,1
BOY,100,"[(174, 205), (179, 281), (149, 283), (144, 207)]","{'Width': 35, 'Height': 78, 'Left': 144, 'Top': 205}","(-15.2, 0.067, -15.2, 0.067)",30.06659276,76.1642961,vertical,"(161.5, 244.0)","(2, 0)",144,205,1
JOY,100,"[(179, 285), (184, 371), (154, 373), (149, 287)]","{'Width': 35, 'Height': 88, 'Left': 149, 'Top': 285}","(-17.2, 0.067, -17.2, 0.067)",30.06659276,86.14522622,vertical,"(166.5, 329.0)","(2, 0)",149,285,1
C,100,"[(186, 408), (188, 439), (159, 441), (157, 410)]","{'Width': 31, 'Height': 33, 'Left': 157, 'Top': 408}","(-15.5, 0.069, -15.5, 0.069)",29.06888371,31.06444913,vertical,"(172.5, 424.5)","(2, 0)",157,408,0
BLACK,100,"[(222, 70), (232, 189), (204, 191), (194, 72)]","{'Width': 38, 'Height': 121, 'Left': 194, 'Top': 70}","(-11.9, 0.071, -11.9, 0.071)",28.0713377,119.4194289,vertical,"(213.0, 130.5)","(2, 0)",194,70,1
BOY,100,"[(232, 200), (238, 274), (211, 276), (205, 202)]","{'Width': 33, 'Height': 76, 'Left': 205, 'Top': 200}","(-12.333, 0.074, -12.333, 0.074)",27.07397274,74.24284477,vertical,"(221.5, 238.0)","(2, 0)",205,200,1
JOY,100,"[(239, 281), (246, 364), (218, 366), (211, 283)]","{'Width': 35, 'Height': 85, 'Left': 211, 'Top': 281}","(-11.857, 0.071, -11.857, 0.071)",28.0713377,83.29465769,vertical,"(228.5, 323.5)","(2, 0)",211,281,1
ORSON,100,"[(325, 44), (365, 43), (365, 55), (325, 56)]","{'Width': 40, 'Height': 13, 'Left': 325, 'Top': 43}","(0.025, 1000.0, 0.025, 1000.0)",12,40.01249805,horizontal,"(345.0, 49.5)","(2, 0)",325,43,0
DEAD,100,"[(351, 285), (352, 325), (336, 325), (335, 285)]","{'Width': 17, 'Height': 40, 'Left': 335, 'Top': 285}","(-40.0, 0.0, -40.0, -0.0)",16,40.01249805,vertical,"(343.5, 305.0)","(2, 0)",335,285,0
PARKLAND,100,"[(372, 254), (409, 333), (386, 343), (349, 265)]","{'Width': 60, 'Height': 89, 'Left': 349, 'Top': 254}","(-2.135, 0.435, -2.108, 0.478)",25.28748499,86.78303662,vertical,"(379.0, 298.75)","(2, 0)",349,254,1
HOPE,100,"[(406, 165), (431, 215), (411, 225), (385, 175)]","{'Width': 46, 'Height': 60, 'Left': 385, 'Top': 165}","(-2.0, 0.5, -1.923, 0.476)",22.81004324,56.12885533,vertical,"(408.25, 195.0)","(2, 0)",385,165,1
PARKLAND,100,"[(412, 255), (449, 333), (425, 344), (388, 266)]","{'Width': 61, 'Height': 89, 'Left': 388, 'Top': 255}","(-2.108, 0.458, -2.108, 0.458)",26.40075756,86.33075929,vertical,"(418.5, 299.5)","(2, 0)",388,255,1
SPEAKS,100,"[(411, 337), (440, 400), (418, 410), (388, 348)]","{'Width': 52, 'Height': 73, 'Left': 388, 'Top': 337}","(-2.172, 0.455, -2.067, 0.478)",24.83059476,69.11543248,vertical,"(414.25, 373.75)","(2, 0)",388,337,1
TCARD,100,"[(397, 44), (439, 46), (438, 59), (397, 57)]","{'Width': 42, 'Height': 15, 'Left': 397, 'Top': 44}","(-0.048, 13.0, -0.049, 1000.0)",13.01920241,41.54817179,horizontal,"(417.75, 51.5)","(2, 0)",397,44,0
WINS,100,"[(434, 221), (461, 275), (440, 285), (413, 231)]","{'Width': 48, 'Height': 64, 'Left': 413, 'Top': 221}","(-2.0, 0.476, -2.0, 0.476)",23.2594067,60.37383539,vertical,"(437.0, 253.0)","(2, 0)",413,221,1
ALICE,100,"[(433, 155), (446, 181), (431, 189), (418, 163)]","{'Width': 28, 'Height': 34, 'Left': 418, 'Top': 155}","(-2.0, 0.533, -2.0, 0.533)",17,29.06888371,vertical,"(432.0, 172.0)","(2, 0)",418,155,1
SPEAKS,100,"[(451, 337), (481, 400), (457, 411), (427, 348)]","{'Width': 54, 'Height': 74, 'Left': 427, 'Top': 337}","(-2.1, 0.458, -2.1, 0.458)",26.40075756,69.7782201,vertical,"(454.0, 374.0)","(2, 0)",427,337,1
WORD,100,"[(446, 181), (459, 207), (444, 215), (431, 189)]","{'Width': 28, 'Height': 34, 'Left': 431, 'Top': 181}","(-2.0, 0.533, -2.0, 0.533)",17,29.06888371,vertical,"(445.0, 198.0)","(2, 0)",431,181,0
CT,100,"[(479, 78), (489, 98), (462, 111), (452, 92)]","{'Width': 37, 'Height': 33, 'Left': 452, 'Top': 78}","(-2.0, 0.481, -1.9, 0.519)",30.19023039,21.91579516,vertical,"(470.5, 94.75)","(2, 0)",452,78,0
CADA,100,"[(486, 91), (522, 161), (495, 175), (459, 105)]","{'Width': 63, 'Height': 84, 'Left': 459, 'Top': 91}","(-1.944, 0.519, -1.944, 0.519)",30.41381265,78.71467462,vertical,"(490.5, 133.0)","(2, 0)",459,91,0
DISABILITY,100,"[(476, 242), (509, 308), (494, 316), (461, 250)]","{'Width': 48, 'Height': 74, 'Left': 461, 'Top': 242}","(-2.0, 0.533, -2.0, 0.533)",17,73.79024326,vertical,"(485.0, 279.0)","(2, 0)",461,242,1
OUR,100,"[(484, 202), (494, 223), (481, 229), (471, 209)]","{'Width': 23, 'Height': 27, 'Left': 471, 'Top': 202}","(-2.1, 0.462, -2.0, 0.538)",14.54132206,22.81004324,vertical,"(482.5, 215.75)","(2, 0)",471,202,1
STORY,100,"[(497, 228), (514, 262), (500, 269), (484, 235)]","{'Width': 30, 'Height': 41, 'Left': 484, 'Top': 228}","(-2.0, 0.5, -2.125, 0.538)",15.20864945,37.79487204,vertical,"(498.75, 248.5)","(2, 0)",484,228,1
PHOENIX,100,"[(523, 165), (564, 246), (536, 260), (495, 179)]","{'Width': 69, 'Height': 95, 'Left': 495, 'Top': 165}","(-1.976, 0.5, -1.976, 0.5)",31.30495168,90.78546139,vertical,"(529.5, 212.5)","(2, 0)",495,165,1
VISIBILITY,100,"[(510, 311), (541, 373), (525, 380), (495, 319)]","{'Width': 46, 'Height': 69, 'Left': 495, 'Top': 311}","(-2.0, 0.438, -2.033, 0.533)",17.2321246,68.64802245,vertical,"(517.75, 345.75)","(2, 0)",495,311,1
BEGINS,100,"[(516, 267), (536, 306), (522, 313), (503, 274)]","{'Width': 33, 'Height': 46, 'Left': 503, 'Top': 267}","(-1.95, 0.5, -2.053, 0.538)",15.20864945,43.60561896,vertical,"(519.25, 290.0)","(2, 0)",503,267,1
GARY,100,"[(531, 97), (549, 133), (533, 141), (515, 105)]","{'Width': 34, 'Height': 44, 'Left': 515, 'Top': 97}","(-2.0, 0.5, -2.0, 0.5)",17.88854382,40.24922359,vertical,"(532.0, 119.0)","(2, 0)",515,97,1
PAULSEN,100,"[(550, 135), (580, 195), (564, 203), (534, 143)]","{'Width': 46, 'Height': 68, 'Left': 534, 'Top': 135}","(-2.0, 0.5, -2.0, 0.5)",17.88854382,67.08203932,vertical,"(557.0, 169.0)","(2, 0)",534,135,1
FIRST,100,"[(566, 250), (585, 288), (558, 302), (538, 264)]","{'Width': 47, 'Height': 52, 'Left': 538, 'Top': 250}","(-2.0, 0.519, -1.9, 0.5)",30.85938217,42.71355634,vertical,"(561.75, 276.0)","(2, 0)",538,250,1
MUST,100,"[(587, 292), (607, 332), (581, 346), (560, 306)]","{'Width': 47, 'Height': 54, 'Left': 560, 'Top': 292}","(-2.0, 0.538, -1.905, 0.519)",29.97172939,44.94939377,vertical,"(583.75, 319.0)","(2, 0)",560,292,1
PAINTINGS,100,"[(588, 210), (623, 279), (607, 287), (572, 218)]","{'Width': 51, 'Height': 77, 'Left': 572, 'Top': 210}","(-1.971, 0.5, -1.971, 0.5)",17.88854382,77.36924454,vertical,"(597.5, 248.5)","(2, 0)",572,210,1
POE,100,"[(587, 160), (595, 182), (583, 186), (575, 165)]","{'Width': 20, 'Height': 26, 'Left': 575, 'Top': 160}","(-2.75, 0.333, -2.625, 0.417)",12.82455532,22.94080244,vertical,"(585.0, 173.25)","(2, 0)",575,160,1
IT,100,"[(607, 94), (643, 161), (615, 176), (579, 109)]","{'Width': 64, 'Height': 82, 'Left': 579, 'Top': 94}","(-1.861, 0.536, -1.861, 0.536)",31.76476035,76.05918748,vertical,"(611.0, 135.0)","(2, 0)",579,94,0
BURN,100,"[(610, 336), (633, 381), (605, 395), (582, 350)]","{'Width': 51, 'Height': 59, 'Left': 582, 'Top': 336}","(-1.957, 0.5, -1.957, 0.5)",31.30495168,50.53711507,vertical,"(607.5, 365.5)","(2, 0)",582,336,1
GIT,100,"[(637, 48), (703, 168), (671, 185), (605, 65)]","{'Width': 98, 'Height': 137, 'Left': 605, 'Top': 48}","(-1.818, 0.531, -1.818, 0.531)",36.23534186,136.9525465,vertical,"(654.0, 116.5)","(2, 0)",605,48,0
EIGHT,100,"[(620, 221), (639, 258), (624, 266), (605, 229)]","{'Width': 34, 'Height': 45, 'Left': 605, 'Top': 221}","(-1.947, 0.533, -1.947, 0.533)",17,41.59326869,vertical,"(622.0, 243.5)","(2, 0)",605,221,1
FROM,100,"[(625, 282), (644, 319), (628, 328), (609, 290)]","{'Width': 35, 'Height': 46, 'Left': 609, 'Top': 282}","(-1.947, 0.562, -2.0, 0.5)",18.12305179,42.03928013,vertical,"(626.5, 304.75)","(2, 0)",609,282,1
HYDE,100,"[(611, 32), (650, 32), (650, 45), (611, 45)]","{'Width': 39, 'Height': 13, 'Left': 611, 'Top': 32}","(-0.0, 1000.0, 0.0, 1000.0)",13,39,horizontal,"(630.5, 38.5)","(2, 0)",611,32,0
T,100,"[(646, 408), (657, 430), (631, 444), (619, 422)]","{'Width': 38, 'Height': 36, 'Left': 619, 'Top': 408}","(-2.0, 0.538, -1.833, 0.519)",29.97172939,24.82833796,vertical,"(638.25, 426.0)","(2, 0)",619,408,0
BLACKOUT,100,"[(650, 173), (735, 331), (706, 347), (621, 189)]","{'Width': 114, 'Height': 174, 'Left': 621, 'Top': 173}","(-1.859, 0.552, -1.859, 0.552)",33.12099032,179.4129315,vertical,"(678.0, 260.0)","(2, 0)",621,173,1
TALES,100,"[(642, 264), (663, 305), (649, 312), (628, 271)]","{'Width': 35, 'Height': 48, 'Left': 628, 'Top': 264}","(-1.952, 0.5, -1.952, 0.5)",15.65247584,46.06517123,vertical,"(645.5, 288.0)","(2, 0)",628,264,1
THE,100,"[(646, 326), (660, 355), (645, 362), (631, 334)]","{'Width': 29, 'Height': 36, 'Left': 631, 'Top': 326}","(-2.071, 0.467, -2.0, 0.533)",16.77647268,31.75371803,vertical,"(645.5, 344.25)","(2, 0)",631,326,1
CAVE,100,"[(661, 355), (680, 393), (664, 401), (645, 363)]","{'Width': 35, 'Height': 46, 'Left': 645, 'Top': 355}","(-2.0, 0.5, -2.0, 0.5)",17.88854382,42.48529157,vertical,"(662.5, 378.0)","(2, 0)",645,355,1
OF,100,"[(667, 310), (675, 325), (660, 333), (652, 318)]","{'Width': 23, 'Height': 23, 'Left': 652, 'Top': 310}","(-1.875, 0.533, -1.875, 0.533)",17,17,vertical,"(663.5, 321.5)","(2, 0)",652,310,1
TERROR,100,"[(676, 329), (701, 377), (687, 384), (662, 336)]","{'Width': 39, 'Height': 55, 'Left': 662, 'Top': 329}","(-1.92, 0.5, -1.92, 0.5)",15.65247584,54.12023651,vertical,"(681.5, 356.5)","(2, 0)",662,329,1
BLACK,100,"[(704, 171), (743, 255), (719, 272), (673, 188)]","{'Width': 70, 'Height': 101, 'Left': 673, 'Top': 171}","(-2.154, 0.708, -1.826, 0.548)",32.3831107,94.1913267,vertical,"(709.75, 221.5)","(2, 0)",673,171,0
KOUT,100,"[(16, 247), (61, 334), (35, 347), (0, 260)]","{'Width': 61, 'Height': 100, 'Left': 0, 'Top': 247}","(-1.933, 0.5, -2.486, 0.812)",24.84220592,95.86264797,vertical,"(28.0, 297.0)","(2, 1)",0,247,0
TERROR,100,"[(5, 328), (28, 378), (13, 385), (0, 335)]","{'Width': 28, 'Height': 57, 'Left': 0, 'Top': 328}","(-2.174, 0.467, -3.846, 1.4)",12.57763531,53.34935852,vertical,"(11.5, 356.5)","(2, 1)",0,328,0
Par,100,"[(1, 26), (37, 25), (37, 48), (1, 49)]","{'Width': 36, 'Height': 24, 'Left': 1, 'Top': 25}","(0.028, 1000.0, 0.028, 1000.0)",23,36.01388621,horizontal,"(19.0, 37.0)","(2, 1)",1,25,0
BLACKOUT,100,"[(30, 177), (112, 330), (84, 345), (2, 192)]","{'Width': 110, 'Height': 168, 'Left': 2, 'Top': 177}","(-1.866, 0.536, -1.866, 0.536)",31.76476035,173.5885941,vertical,"(57.0, 261.0)","(2, 1)",2,177,1
BLACKOUT,100,"[(81, 174), (167, 333), (140, 348), (54, 189)]","{'Width': 113, 'Height': 174, 'Left': 54, 'Top': 174}","(-1.849, 0.556, -1.849, 0.556)",30.88689042,180.7678069,vertical,"(110.5, 261.0)","(2, 1)",54,174,1
Forward,100,"[(58, 25), (144, 24), (144, 47), (58, 48)]","{'Width': 86, 'Height': 24, 'Left': 58, 'Top': 24}","(0.012, 1000.0, 0.012, 1000.0)",23,86.00581376,horizontal,"(101.0, 36.0)","(2, 1)",58,24,0
LE,100,"[(84, 380), (110, 430), (85, 443), (59, 393)]","{'Width': 51, 'Height': 63, 'Left': 59, 'Top': 380}","(-1.923, 0.52, -1.923, 0.52)",28.17800561,56.35601121,vertical,"(84.5, 411.5)","(2, 1)",59,380,0
SOWARTZ,100,"[(74, 108), (95, 148), (85, 153), (64, 113)]","{'Width': 31, 'Height': 45, 'Left': 64, 'Top': 108}","(-1.905, 0.5, -1.905, 0.5)",11.18033989,45.17742799,vertical,"(79.5, 130.5)","(2, 1)",64,108,1
SCHWARTZ,100,"[(93, 107), (114, 146), (104, 151), (83, 112)]","{'Width': 31, 'Height': 44, 'Left': 83, 'Top': 107}","(-1.857, 0.5, -1.857, 0.5)",11.18033989,44.29446918,vertical,"(98.5, 129.0)","(2, 1)",83,107,1
GAMELL,100,"[(96, 150), (116, 188), (107, 193), (87, 155)]","{'Width': 29, 'Height': 43, 'Left': 87, 'Top': 150}","(-1.9, 0.556, -1.9, 0.556)",10.29563014,42.94182111,vertical,"(101.5, 171.5)","(2, 1)",87,150,1
GRODIDD,100,"[(123, 72), (187, 197), (162, 209), (98, 85)]","{'Width': 89, 'Height': 137, 'Left': 98, 'Top': 72}","(-1.953, 0.48, -1.938, 0.52)",27.95442743,139.9867931,vertical,"(142.5, 140.75)","(2, 1)",98,72,0
GAVELL,100,"[(116, 149), (137, 187), (127, 192), (106, 154)]","{'Width': 31, 'Height': 43, 'Left': 106, 'Top': 149}","(-1.81, 0.5, -1.81, 0.5)",11.18033989,43.41658669,vertical,"(121.5, 170.5)","(2, 1)",106,149,0
MORE,100,"[(127, 209), (138, 229), (129, 234), (118, 214)]","{'Width': 20, 'Height': 25, 'Left': 118, 'Top': 209}","(-1.818, 0.556, -1.818, 0.556)",10.29563014,22.82542442,vertical,"(128.0, 221.5)","(2, 1)",118,209,1
SCARY,100,"[(139, 231), (152, 255), (143, 260), (130, 236)]","{'Width': 22, 'Height': 29, 'Left': 130, 'Top': 231}","(-1.846, 0.556, -1.846, 0.556)",10.29563014,27.29468813,vertical,"(141.0, 245.5)","(2, 1)",130,231,1
MORE,100,"[(147, 209), (158, 230), (149, 235), (137, 214)]","{'Width': 21, 'Height': 26, 'Left': 137, 'Top': 209}","(-1.909, 0.556, -1.75, 0.5)",10.73798501,23.94665621,vertical,"(147.75, 222.0)","(2, 1)",137,209,1
STORIES,100,"[(153, 256), (168, 283), (159, 288), (144, 261)]","{'Width': 24, 'Height': 32, 'Left': 144, 'Top': 256}","(-1.8, 0.556, -1.8, 0.556)",10.29563014,30.88689042,vertical,"(156.0, 272.0)","(2, 1)",144,256,1
CODING,100,"[(167, 70), (226, 188), (204, 199), (145, 81)]","{'Width': 81, 'Height': 129, 'Left': 145, 'Top': 70}","(-2.0, 0.5, -2.0, 0.5)",24.59674775,131.9280107,vertical,"(185.5, 134.5)","(2, 1)",145,70,0
SCARY,100,"[(159, 231), (171, 254), (162, 259), (149, 236)]","{'Width': 22, 'Height': 28, 'Left': 149, 'Top': 231}","(-1.917, 0.556, -1.769, 0.5)",10.73798501,26.18096658,vertical,"(160.25, 245.0)","(2, 1)",149,231,1
STORIES,100,"[(172, 256), (187, 283), (178, 288), (163, 261)]","{'Width': 24, 'Height': 32, 'Left': 163, 'Top': 256}","(-1.8, 0.556, -1.8, 0.556)",10.29563014,30.88689042,vertical,"(175.0, 272.0)","(2, 1)",163,256,1
D,100,"[(192, 379), (207, 406), (180, 421), (166, 393)]","{'Width': 41, 'Height': 42, 'Left': 166, 'Top': 379}","(-1.8, 0.556, -2.0, 0.538)",30.20826827,31.09592105,vertical,"(186.25, 399.75)","(2, 1)",166,379,0
TOGETHER,100,"[(191, 205), (252, 324), (228, 337), (167, 217)]","{'Width': 85, 'Height': 132, 'Left': 167, 'Top': 205}","(-1.951, 0.542, -1.967, 0.5)",27.06375193,134.1689296,vertical,"(209.5, 270.75)","(2, 1)",167,205,1
THEY,100,"[(190, 326), (209, 361), (200, 366), (181, 331)]","{'Width': 28, 'Height': 40, 'Left': 181, 'Top': 326}","(-1.842, 0.556, -1.842, 0.556)",10.29563014,39.8246155,vertical,"(195.0, 346.0)","(2, 1)",181,326,0
SCIESZKA,100,"[(219, 98), (241, 142), (221, 152), (199, 108)]","{'Width': 42, 'Height': 54, 'Left': 199, 'Top': 98}","(-2.0, 0.5, -2.0, 0.5)",22.36067977,49.1934955,vertical,"(220.0, 125.0)","(2, 1)",199,98,1
TOGETHER,100,"[(233, 200), (294, 321), (271, 332), (211, 211)]","{'Width': 83, 'Height': 132, 'Left': 211, 'Top': 200}","(-1.984, 0.478, -2.017, 0.5)",25.04592266,135.2828518,vertical,"(252.25, 266.0)","(2, 1)",211,200,1
K,100,"[(225, 354), (229, 362), (220, 367), (216, 359)]","{'Width': 13, 'Height': 13, 'Left': 216, 'Top': 354}","(-2.0, 0.556, -2.0, 0.556)",10.29563014,8.94427191,vertical,"(222.5, 360.5)","(2, 1)",216,354,0
",",100,"[(252, 324), (255, 330), (231, 343), (228, 336)]","{'Width': 27, 'Height': 19, 'Left': 228, 'Top': 324}","(-2.0, 0.542, -2.333, 0.5)",27.06375193,7.161988519,vertical,"(241.5, 333.25)","(2, 1)",228,324,1
GUYSIREAD,100,"[(252, 162), (314, 285), (294, 295), (232, 172)]","{'Width': 82, 'Height': 133, 'Left': 232, 'Top': 162}","(-1.984, 0.5, -1.984, 0.5)",22.36067977,137.7425134,vertical,"(273.0, 228.5)","(2, 1)",232,162,1
APART,100,"[(259, 338), (295, 407), (271, 420), (235, 350)]","{'Width': 60, 'Height': 82, 'Left': 235, 'Top': 338}","(-1.917, 0.542, -1.944, 0.5)",27.06375193,78.27070262,vertical,"(265.0, 378.75)","(2, 1)",235,338,1
SCIESZKA,100,"[(273, 95), (295, 141), (275, 151), (253, 104)]","{'Width': 42, 'Height': 56, 'Left': 253, 'Top': 95}","(-2.091, 0.5, -2.136, 0.45)",22.14619599,51.44215906,vertical,"(274.0, 122.75)","(2, 1)",253,95,1
",",100,"[(293, 320), (297, 327), (275, 338), (272, 331)]","{'Width': 25, 'Height': 18, 'Left': 272, 'Top': 320}","(-1.75, 0.5, -2.333, 0.524)",24.15164347,7.839015427,vertical,"(284.25, 329.0)","(2, 1)",272,320,1
APART,100,"[(300, 333), (336, 404), (313, 415), (278, 344)]","{'Width': 58, 'Height': 82, 'Left': 278, 'Top': 333}","(-1.972, 0.478, -2.029, 0.5)",25.04592266,79.38167296,vertical,"(306.75, 374.0)","(2, 1)",278,333,1
GUYSIREAD,100,"[(304, 160), (363, 284), (343, 293), (284, 169)]","{'Width': 79, 'Height': 133, 'Left': 284, 'Top': 160}","(-2.102, 0.45, -2.102, 0.45)",21.9317122,137.3207923,vertical,"(323.5, 226.5)","(2, 1)",284,160,1
SCIESZKA,100,"[(325, 93), (347, 138), (326, 148), (304, 103)]","{'Width': 43, 'Height': 55, 'Left': 304, 'Top': 93}","(-2.045, 0.476, -2.045, 0.476)",23.2594067,50.08991915,vertical,"(325.5, 120.5)","(2, 1)",304,93,1
THRILLER,100,"[(327, 312), (366, 390), (347, 400), (307, 322)]","{'Width': 59, 'Height': 88, 'Left': 307, 'Top': 312}","(-2.0, 0.526, -1.95, 0.5)",21.91579516,87.43253956,vertical,"(336.75, 356.0)","(2, 1)",307,312,1
GUYSIREADOBU,100,"[(356, 156), (446, 339), (425, 349), (335, 166)]","{'Width': 111, 'Height': 193, 'Left': 335, 'Top': 156}","(-2.033, 0.476, -2.033, 0.476)",23.2594067,203.9338128,vertical,"(390.5, 252.5)","(2, 1)",335,156,0
THRILLER,100,"[(376, 312), (412, 389), (393, 398), (356, 321)]","{'Width': 56, 'Height': 86, 'Left': 356, 'Top': 312}","(-2.139, 0.474, -2.081, 0.45)",21.47775412,85.21416627,vertical,"(384.25, 355.0)","(2, 1)",356,312,1
E,100,"[(370, 404), (383, 429), (369, 436), (357, 411)]","{'Width': 26, 'Height': 32, 'Left': 357, 'Top': 404}","(-1.923, 0.5, -2.083, 0.538)",15.20864945,27.95442743,vertical,"(369.75, 420.0)","(2, 1)",357,404,0
SCRESZKA,100,"[(380, 90), (400, 134), (378, 144), (358, 100)]","{'Width': 42, 'Height': 54, 'Left': 358, 'Top': 90}","(-2.2, 0.455, -2.2, 0.455)",24.16609195,48.33218389,vertical,"(379.0, 117.0)","(2, 1)",358,90,1
GUYSIREAD,100,"[(409, 151), (467, 277), (446, 287), (387, 161)]","{'Width': 80, 'Height': 136, 'Left': 387, 'Top': 151}","(-2.172, 0.476, -2.136, 0.455)",23.71274932,138.9188816,vertical,"(427.25, 219.0)","(2, 1)",387,151,1
BROOKS,100,"[(444, 144), (461, 179), (445, 187), (429, 151)]","{'Width': 32, 'Height': 43, 'Left': 429, 'Top': 144}","(-2.059, 0.5, -2.25, 0.467)",17.22074459,39.15279206,vertical,"(444.75, 165.25)","(2, 1)",429,144,1
55,100,"[(452, 371), (460, 388), (449, 394), (440, 377)]","{'Width': 20, 'Height': 23, 'Left': 440, 'Top': 371}","(-2.125, 0.545, -1.889, 0.5)",12.97318598,19.01183914,vertical,"(450.25, 382.5)","(2, 1)",440,371,0
ALL,100,"[(467, 192), (482, 224), (468, 230), (453, 199)]","{'Width': 29, 'Height': 38, 'Left': 453, 'Top': 192}","(-2.133, 0.429, -2.067, 0.5)",15.44201103,34.8897724,vertical,"(467.5, 211.25)","(2, 1)",453,192,1
BUSINESS,100,"[(481, 308), (516, 384), (495, 394), (459, 318)]","{'Width': 57, 'Height': 86, 'Left': 459, 'Top': 308}","(-2.171, 0.476, -2.111, 0.455)",23.71274932,83.88358137,vertical,"(487.75, 351.0)","(2, 1)",459,308,1
40,100,"[(478, 412), (486, 426), (473, 433), (465, 419)]","{'Width': 21, 'Height': 21, 'Left': 465, 'Top': 412}","(-1.75, 0.538, -1.75, 0.538)",14.76482306,16.1245155,vertical,"(475.5, 422.5)","(2, 1)",465,412,0
THAT,100,"[(488, 235), (509, 280), (493, 288), (472, 243)]","{'Width': 37, 'Height': 53, 'Left': 472, 'Top': 235}","(-2.143, 0.5, -2.143, 0.5)",17.88854382,49.65883607,vertical,"(490.5, 261.5)","(2, 1)",472,235,1
REMAINS,100,"[(515, 293), (553, 373), (537, 380), (500, 300)]","{'Width': 53, 'Height': 87, 'Left': 500, 'Top': 293}","(-2.105, 0.438, -2.162, 0.467)",17.00859728,88.35414515,vertical,"(526.25, 336.5)","(2, 1)",500,293,1
ttyl,100,"[(551, 246), (581, 323), (555, 333), (525, 256)]","{'Width': 56, 'Height': 87, 'Left': 525, 'Top': 246}","(-2.567, 0.385, -2.567, 0.385)",27.85677655,82.63776376,vertical,"(553.0, 289.5)","(2, 1)",525,246,1
18r,100,"[(593, 242), (609, 287), (586, 296), (570, 251)]","{'Width': 39, 'Height': 54, 'Left': 570, 'Top': 242}","(-2.812, 0.391, -2.812, 0.391)",24.69817807,47.75981575,vertical,"(589.5, 269.0)","(2, 1)",570,242,1
",",100,"[(608, 285), (611, 293), (588, 302), (585, 294)]","{'Width': 26, 'Height': 17, 'Left': 585, 'Top': 285}","(-2.667, 0.391, -2.667, 0.391)",24.69817807,8.544003745,vertical,"(598.0, 293.5)","(2, 1)",585,285,1
g8r,100,"[(616, 305), (633, 353), (609, 362), (592, 314)]","{'Width': 41, 'Height': 57, 'Left': 592, 'Top': 305}","(-2.824, 0.375, -2.824, 0.375)",25.63201124,50.92150823,vertical,"(612.5, 333.5)","(2, 1)",592,305,1
O,100,"[(647, 392), (654, 410), (630, 418), (624, 401)]","{'Width': 30, 'Height': 26, 'Left': 624, 'Top': 392}","(-2.571, 0.333, -2.833, 0.391)",24.99819968,18.67048215,vertical,"(638.75, 405.25)","(2, 1)",624,392,0
WIND,100,"[(194, 339), (193, 378), (180, 378), (181, 339)]","{'Width': 14, 'Height': 39, 'Left': 180, 'Top': 339}","(39.0, 0.0, 39.0, -0.0)",13,39.01281841,vertical,"(187.0, 358.5)","(3, 0)",180,339,1
HARNESSED,100,"[(196, 232), (194, 308), (181, 308), (183, 232)]","{'Width': 15, 'Height': 76, 'Left': 181, 'Top': 232}","(38.0, 0.0, 38.0, -0.0)",13,76.02631123,vertical,"(188.5, 270.0)","(3, 0)",181,232,1
THE,100,"[(194, 312), (194, 337), (182, 337), (182, 312)]","{'Width': 12, 'Height': 25, 'Left': 182, 'Top': 312}","(1000.0, 0.0, 1000.0, -0.0)",12,25,vertical,"(188.0, 324.5)","(3, 0)",182,312,1
Mealer,100,"[(198, 122), (197, 156), (187, 156), (188, 122)]","{'Width': 11, 'Height': 34, 'Left': 187, 'Top': 122}","(34.0, 0.0, 34.0, -0.0)",10,34.0147027,vertical,"(192.5, 139.0)","(3, 0)",187,122,1
WHO,100,"[(210, 317), (210, 349), (196, 349), (196, 317)]","{'Width': 14, 'Height': 32, 'Left': 196, 'Top': 317}","(1000.0, 0.0, 1000.0, -0.0)",14,32,vertical,"(203.0, 333.0)","(3, 0)",196,317,1
THE,100,"[(210, 260), (210, 285), (197, 285), (197, 260)]","{'Width': 13, 'Height': 25, 'Left': 197, 'Top': 260}","(1000.0, 0.0, 1000.0, -0.0)",13,25,vertical,"(203.5, 272.5)","(3, 0)",197,260,1
BOY,100,"[(210, 287), (210, 314), (197, 314), (197, 287)]","{'Width': 13, 'Height': 27, 'Left': 197, 'Top': 287}","(1000.0, 0.0, 1000.0, -0.0)",13,27,vertical,"(203.5, 300.5)","(3, 0)",197,287,1
Kanakwamba,100,"[(213, 98), (211, 162), (200, 162), (202, 98)]","{'Width': 13, 'Height': 64, 'Left': 200, 'Top': 98}","(32.0, 0.0, 32.0, -0.0)",11,64.03124237,vertical,"(206.5, 130.0)","(3, 0)",200,98,1
WIND,100,"[(233, 340), (232, 377), (219, 377), (220, 340)]","{'Width': 14, 'Height': 37, 'Left': 219, 'Top': 340}","(37.0, 0.0, 37.0, -0.0)",13,37.01351105,vertical,"(226.0, 358.5)","(3, 0)",219,340,1
HARNESSED,100,"[(235, 232), (234, 307), (221, 307), (222, 232)]","{'Width': 14, 'Height': 75, 'Left': 221, 'Top': 232}","(75.0, 0.0, 75.0, -0.0)",13,75.00666637,vertical,"(228.0, 269.5)","(3, 0)",221,232,1
THE,100,"[(233, 312), (233, 337), (221, 337), (221, 312)]","{'Width': 12, 'Height': 25, 'Left': 221, 'Top': 312}","(1000.0, 0.0, 1000.0, -0.0)",12,25,vertical,"(227.0, 324.5)","(3, 0)",221,312,1
Mealer,100,"[(239, 120), (241, 156), (227, 157), (225, 121)]","{'Width': 16, 'Height': 37, 'Left': 225, 'Top': 120}","(-18.0, 0.071, -18.0, 0.071)",14.03566885,36.05551275,vertical,"(233.0, 138.5)","(3, 0)",225,120,1
E,100,"[(244, 211), (245, 224), (232, 225), (231, 212)]","{'Width': 14, 'Height': 14, 'Left': 231, 'Top': 211}","(-13.0, 0.077, -13.0, 0.077)",13.03840481,13.03840481,vertical,"(238.0, 218.0)","(3, 0)",231,211,0
WHO,100,"[(249, 317), (248, 348), (235, 348), (236, 317)]","{'Width': 14, 'Height': 31, 'Left': 235, 'Top': 317}","(31.0, 0.0, 31.0, -0.0)",13,31.01612484,vertical,"(242.0, 332.5)","(3, 0)",235,317,1
THE,100,"[(250, 260), (250, 283), (237, 283), (237, 260)]","{'Width': 13, 'Height': 23, 'Left': 237, 'Top': 260}","(1000.0, 0.0, 1000.0, -0.0)",13,23,vertical,"(243.5, 271.5)","(3, 0)",237,260,1
BOY,100,"[(249, 288), (249, 315), (237, 315), (237, 288)]","{'Width': 12, 'Height': 27, 'Left': 237, 'Top': 288}","(1000.0, 0.0, 1000.0, -0.0)",12,27,vertical,"(243.0, 301.5)","(3, 0)",237,288,1
Kimkwainba,100,"[(250, 98), (249, 163), (238, 163), (239, 98)]","{'Width': 12, 'Height': 65, 'Left': 238, 'Top': 98}","(65.0, 0.0, 65.0, -0.0)",11,65.00769185,vertical,"(244.0, 130.5)","(3, 0)",238,98,0
HARNESSED,100,"[(276, 234), (275, 310), (262, 310), (263, 234)]","{'Width': 14, 'Height': 76, 'Left': 262, 'Top': 234}","(76.0, 0.0, 76.0, -0.0)",13,76.00657866,vertical,"(269.0, 272.0)","(3, 0)",262,234,1
WIND,100,"[(275, 341), (275, 380), (262, 380), (262, 341)]","{'Width': 13, 'Height': 39, 'Left': 262, 'Top': 341}","(1000.0, 0.0, 1000.0, -0.0)",13,39,vertical,"(268.5, 360.5)","(3, 0)",262,341,1
THE,100,"[(275, 315), (275, 339), (263, 339), (263, 315)]","{'Width': 12, 'Height': 24, 'Left': 263, 'Top': 315}","(1000.0, 0.0, 1000.0, -0.0)",12,24,vertical,"(269.0, 327.0)","(3, 0)",263,315,1
Mealer,100,"[(277, 123), (277, 157), (268, 157), (268, 123)]","{'Width': 9, 'Height': 34, 'Left': 268, 'Top': 123}","(1000.0, 0.0, 1000.0, -0.0)",9,34,vertical,"(272.5, 140.0)","(3, 0)",268,123,1
Kamkwamba,100,"[(289, 99), (289, 165), (279, 165), (279, 99)]","{'Width': 10, 'Height': 66, 'Left': 279, 'Top': 99}","(1000.0, 0.0, 1000.0, -0.0)",10,66,vertical,"(284.0, 132.0)","(3, 0)",279,99,1
THE,100,"[(291, 261), (291, 287), (279, 287), (279, 261)]","{'Width': 12, 'Height': 26, 'Left': 279, 'Top': 261}","(1000.0, 0.0, 1000.0, -0.0)",12,26,vertical,"(285.0, 274.0)","(3, 0)",279,261,1
BOY,100,"[(290, 290), (290, 316), (279, 316), (279, 290)]","{'Width': 11, 'Height': 26, 'Left': 279, 'Top': 290}","(1000.0, 0.0, 1000.0, -0.0)",11,26,vertical,"(284.5, 303.0)","(3, 0)",279,290,1
WHO,100,"[(290, 319), (290, 350), (279, 350), (279, 319)]","{'Width': 11, 'Height': 31, 'Left': 279, 'Top': 319}","(1000.0, 0.0, 1000.0, -0.0)",11,31,vertical,"(284.5, 334.5)","(3, 0)",279,319,1
HARNESSED,100,"[(315, 235), (314, 311), (303, 311), (304, 235)]","{'Width': 12, 'Height': 76, 'Left': 303, 'Top': 235}","(76.0, 0.0, 76.0, -0.0)",11,76.00657866,vertical,"(309.0, 273.0)","(3, 0)",303,235,1
WIND,100,"[(315, 343), (315, 381), (303, 381), (303, 343)]","{'Width': 12, 'Height': 38, 'Left': 303, 'Top': 343}","(1000.0, 0.0, 1000.0, -0.0)",12,38,vertical,"(309.0, 362.0)","(3, 0)",303,343,1
THE,100,"[(315, 316), (315, 341), (304, 341), (304, 316)]","{'Width': 11, 'Height': 25, 'Left': 304, 'Top': 316}","(1000.0, 0.0, 1000.0, -0.0)",11,25,vertical,"(309.5, 328.5)","(3, 0)",304,316,1
Mealer,100,"[(318, 124), (318, 158), (308, 158), (308, 124)]","{'Width': 10, 'Height': 34, 'Left': 308, 'Top': 124}","(1000.0, 0.0, 1000.0, -0.0)",10,34,vertical,"(313.0, 141.0)","(3, 0)",308,124,1
,100,"[(323, 199), (323, 239), (313, 239), (313, 199)]","{'Width': 10, 'Height': 40, 'Left': 313, 'Top': 199}","(1000.0, 0.0, 1000.0, -0.0)",10,40,vertical,"(318.0, 219.0)","(3, 0)",313,199,0
THE,100,"[(331, 263), (331, 288), (319, 288), (319, 263)]","{'Width': 12, 'Height': 25, 'Left': 319, 'Top': 263}","(1000.0, 0.0, 1000.0, -0.0)",12,25,vertical,"(325.0, 275.5)","(3, 0)",319,263,1
BOY,100,"[(330, 291), (330, 317), (319, 317), (319, 291)]","{'Width': 11, 'Height': 26, 'Left': 319, 'Top': 291}","(1000.0, 0.0, 1000.0, -0.0)",11,26,vertical,"(324.5, 304.0)","(3, 0)",319,291,1
WHO,100,"[(330, 321), (330, 352), (319, 352), (319, 321)]","{'Width': 11, 'Height': 31, 'Left': 319, 'Top': 321}","(1000.0, 0.0, 1000.0, -0.0)",11,31,vertical,"(324.5, 336.5)","(3, 0)",319,321,1
Kamkwamba,100,"[(330, 101), (330, 165), (320, 165), (320, 101)]","{'Width': 10, 'Height': 64, 'Left': 320, 'Top': 101}","(1000.0, 0.0, 1000.0, -0.0)",10,64,vertical,"(325.0, 133.0)","(3, 0)",320,101,1
HARNESSED,100,"[(355, 231), (355, 307), (344, 307), (344, 231)]","{'Width': 11, 'Height': 76, 'Left': 344, 'Top': 231}","(1000.0, 0.0, 1000.0, -0.0)",11,76,vertical,"(349.5, 269.0)","(3, 0)",344,231,1
THE,100,"[(355, 312), (355, 336), (344, 336), (344, 312)]","{'Width': 11, 'Height': 24, 'Left': 344, 'Top': 312}","(1000.0, 0.0, 1000.0, -0.0)",11,24,vertical,"(349.5, 324.0)","(3, 0)",344,312,1
WIND,100,"[(355, 338), (355, 378), (344, 378), (344, 338)]","{'Width': 11, 'Height': 40, 'Left': 344, 'Top': 338}","(1000.0, 0.0, 1000.0, -0.0)",11,40,vertical,"(349.5, 358.0)","(3, 0)",344,338,1
THE,100,"[(371, 259), (371, 283), (359, 283), (359, 259)]","{'Width': 12, 'Height': 24, 'Left': 359, 'Top': 259}","(1000.0, 0.0, 1000.0, -0.0)",12,24,vertical,"(365.0, 271.0)","(3, 0)",359,259,1
BOY,100,"[(371, 287), (371, 313), (359, 313), (359, 287)]","{'Width': 12, 'Height': 26, 'Left': 359, 'Top': 287}","(1000.0, 0.0, 1000.0, -0.0)",12,26,vertical,"(365.0, 300.0)","(3, 0)",359,287,1
WHO,100,"[(371, 316), (371, 348), (359, 348), (359, 316)]","{'Width': 12, 'Height': 32, 'Left': 359, 'Top': 316}","(1000.0, 0.0, 1000.0, -0.0)",12,32,vertical,"(365.0, 332.0)","(3, 0)",359,316,1
Kamkwanba,100,"[(370, 98), (370, 162), (360, 162), (360, 98)]","{'Width': 10, 'Height': 64, 'Left': 360, 'Top': 98}","(1000.0, 0.0, 1000.0, -0.0)",10,64,vertical,"(365.0, 130.0)","(3, 0)",360,98,1
HARNESSED,100,"[(399, 224), (399, 300), (387, 300), (387, 224)]","{'Width': 12, 'Height': 76, 'Left': 387, 'Top': 224}","(1000.0, 0.0, 1000.0, -0.0)",12,76,vertical,"(393.0, 262.0)","(3, 0)",387,224,1
THE,100,"[(398, 304), (398, 328), (387, 328), (387, 304)]","{'Width': 11, 'Height': 24, 'Left': 387, 'Top': 304}","(1000.0, 0.0, 1000.0, -0.0)",11,24,vertical,"(392.5, 316.0)","(3, 0)",387,304,1
WIND,100,"[(398, 330), (398, 370), (387, 370), (387, 330)]","{'Width': 11, 'Height': 40, 'Left': 387, 'Top': 330}","(1000.0, 0.0, 1000.0, -0.0)",11,40,vertical,"(392.5, 350.0)","(3, 0)",387,330,1
Mealer,100,"[(399, 115), (399, 149), (391, 149), (391, 115)]","{'Width': 8, 'Height': 34, 'Left': 391, 'Top': 115}","(1000.0, 0.0, 1000.0, -0.0)",8,34,vertical,"(395.0, 132.0)","(3, 0)",391,115,1
Kamkwamba,100,"[(412, 91), (412, 155), (403, 155), (403, 91)]","{'Width': 9, 'Height': 64, 'Left': 403, 'Top': 91}","(1000.0, 0.0, 1000.0, -0.0)",9,64,vertical,"(407.5, 123.0)","(3, 0)",403,91,1
THE,100,"[(414, 252), (414, 276), (403, 276), (403, 252)]","{'Width': 11, 'Height': 24, 'Left': 403, 'Top': 252}","(1000.0, 0.0, 1000.0, -0.0)",11,24,vertical,"(408.5, 264.0)","(3, 0)",403,252,1
BOY,100,"[(414, 279), (414, 306), (403, 306), (403, 279)]","{'Width': 11, 'Height': 27, 'Left': 403, 'Top': 279}","(1000.0, 0.0, 1000.0, -0.0)",11,27,vertical,"(408.5, 292.5)","(3, 0)",403,279,1
WHO,100,"[(414, 308), (414, 340), (403, 340), (403, 308)]","{'Width': 11, 'Height': 32, 'Left': 403, 'Top': 308}","(1000.0, 0.0, 1000.0, -0.0)",11,32,vertical,"(408.5, 324.0)","(3, 0)",403,308,1
grayson,100,"[(458, 198), (456, 292), (424, 291), (426, 197)]","{'Width': 34, 'Height': 95, 'Left': 424, 'Top': 197}","(47.0, -0.031, 47.0, -0.031)",32.01562119,94.02127419,vertical,"(441.0, 244.5)","(3, 0)",424,197,1
will,100,"[(459, 154), (458, 197), (426, 196), (427, 153)]","{'Width': 33, 'Height': 44, 'Left': 426, 'Top': 153}","(43.0, -0.031, 43.0, -0.031)",32.01562119,43.01162634,vertical,"(442.5, 175.0)","(3, 0)",426,153,1
david,100,"[(443, 41), (444, 79), (431, 79), (430, 41)]","{'Width': 14, 'Height': 38, 'Left': 430, 'Top': 41}","(-38.0, 0.0, -38.0, -0.0)",13,38.01315562,vertical,"(437.0, 60.0)","(3, 0)",430,41,1
levithan,100,"[(444, 83), (445, 138), (431, 138), (430, 83)]","{'Width': 15, 'Height': 55, 'Left': 430, 'Top': 83}","(-55.0, 0.0, -55.0, -0.0)",14,55.00909016,vertical,"(437.5, 110.5)","(3, 0)",430,83,1
john,100,"[(454, 53), (454, 83), (442, 83), (442, 53)]","{'Width': 12, 'Height': 30, 'Left': 442, 'Top': 53}","(1000.0, 0.0, 1000.0, -0.0)",12,30,vertical,"(448.0, 68.0)","(3, 0)",442,53,1
green,100,"[(454, 87), (454, 129), (442, 129), (442, 87)]","{'Width': 12, 'Height': 42, 'Left': 442, 'Top': 87}","(1000.0, 0.0, 1000.0, -0.0)",12,42,vertical,"(448.0, 108.0)","(3, 0)",442,87,1
Called,100,"[(458, 482), (458, 512), (449, 512), (449, 482)]","{'Width': 9, 'Height': 30, 'Left': 449, 'Top': 482}","(1000.0, 0.0, 1000.0, -0.0)",9,30,vertical,"(453.5, 497.0)","(3, 0)",449,482,0
grayson,100,"[(502, 200), (500, 296), (466, 295), (468, 199)]","{'Width': 36, 'Height': 97, 'Left': 466, 'Top': 199}","(48.0, -0.029, 48.0, -0.029)",34.0147027,96.02083107,vertical,"(484.0, 247.5)","(3, 0)",466,199,1
will,100,"[(503, 154), (502, 199), (468, 198), (469, 153)]","{'Width': 35, 'Height': 46, 'Left': 468, 'Top': 153}","(45.0, -0.029, 45.0, -0.029)",34.0147027,45.01110974,vertical,"(485.5, 176.0)","(3, 0)",468,153,1
david,100,"[(485, 44), (485, 83), (472, 83), (472, 44)]","{'Width': 13, 'Height': 39, 'Left': 472, 'Top': 44}","(1000.0, 0.0, 1000.0, -0.0)",13,39,vertical,"(478.5, 63.5)","(3, 0)",472,44,1
levithan,100,"[(485, 86), (485, 140), (472, 140), (472, 86)]","{'Width': 13, 'Height': 54, 'Left': 472, 'Top': 86}","(1000.0, 0.0, 1000.0, -0.0)",13,54,vertical,"(478.5, 113.0)","(3, 0)",472,86,1
john,100,"[(497, 55), (497, 86), (483, 86), (483, 55)]","{'Width': 14, 'Height': 31, 'Left': 483, 'Top': 55}","(1000.0, 0.0, 1000.0, -0.0)",14,31,vertical,"(490.0, 70.5)","(3, 0)",483,55,1
green,100,"[(497, 90), (497, 131), (483, 131), (483, 90)]","{'Width': 14, 'Height': 41, 'Left': 483, 'Top': 90}","(1000.0, 0.0, 1000.0, -0.0)",14,41,vertical,"(490.0, 110.5)","(3, 0)",483,90,1
grays8n,100,"[(549, 199), (545, 292), (510, 290), (514, 198)]","{'Width': 39, 'Height': 94, 'Left': 510, 'Top': 198}","(23.25, -0.057, 23.0, -0.029)",35.03568954,92.58644861,vertical,"(529.5, 244.75)","(3, 0)",510,198,1
will,100,"[(551, 154), (549, 199), (514, 198), (516, 153)]","{'Width': 37, 'Height': 46, 'Left': 514, 'Top': 153}","(22.5, -0.029, 22.5, -0.029)",35.0142828,45.04442252,vertical,"(532.5, 176.0)","(3, 0)",514,153,1
david,100,"[(530, 42), (531, 82), (518, 82), (517, 42)]","{'Width': 14, 'Height': 40, 'Left': 517, 'Top': 42}","(-40.0, 0.0, -40.0, -0.0)",13,40.01249805,vertical,"(524.0, 62.0)","(3, 0)",517,42,1
levithan,100,"[(531, 85), (532, 139), (519, 139), (518, 85)]","{'Width': 14, 'Height': 54, 'Left': 518, 'Top': 85}","(-54.0, 0.0, -54.0, -0.0)",13,54.00925847,vertical,"(525.0, 112.0)","(3, 0)",518,85,1
john,100,"[(542, 53), (542, 86), (529, 86), (529, 53)]","{'Width': 13, 'Height': 33, 'Left': 529, 'Top': 53}","(1000.0, 0.0, 1000.0, -0.0)",13,33,vertical,"(535.5, 69.5)","(3, 0)",529,53,1
green,100,"[(542, 87), (542, 130), (529, 130), (529, 87)]","{'Width': 13, 'Height': 43, 'Left': 529, 'Top': 87}","(1000.0, 0.0, 1000.0, -0.0)",13,43,vertical,"(535.5, 108.5)","(3, 0)",529,87,1
grays8n,100,"[(593, 201), (590, 296), (555, 295), (558, 200)]","{'Width': 38, 'Height': 96, 'Left': 555, 'Top': 200}","(31.667, -0.029, 31.667, -0.029)",35.0142828,95.04735662,vertical,"(574.0, 248.0)","(3, 0)",555,200,1
will,100,"[(594, 154), (593, 198), (558, 197), (559, 153)]","{'Width': 36, 'Height': 45, 'Left': 558, 'Top': 153}","(44.0, -0.029, 44.0, -0.029)",35.0142828,44.01136217,vertical,"(576.0, 175.5)","(3, 0)",558,153,1
dvid,100,"[(576, 45), (576, 83), (564, 83), (564, 45)]","{'Width': 12, 'Height': 38, 'Left': 564, 'Top': 45}","(1000.0, 0.0, 1000.0, -0.0)",12,38,vertical,"(570.0, 64.0)","(3, 0)",564,45,1
levithan,100,"[(576, 87), (577, 142), (565, 142), (564, 87)]","{'Width': 13, 'Height': 55, 'Left': 564, 'Top': 87}","(-55.0, 0.0, -55.0, -0.0)",12,55.00909016,vertical,"(570.5, 114.5)","(3, 0)",564,87,1
John,100,"[(587, 56), (587, 92), (574, 92), (574, 56)]","{'Width': 13, 'Height': 36, 'Left': 574, 'Top': 56}","(1000.0, 0.0, 1000.0, -0.0)",13,36,vertical,"(580.5, 74.0)","(3, 0)",574,56,1
green,100,"[(587, 91), (587, 133), (574, 133), (574, 91)]","{'Width': 13, 'Height': 42, 'Left': 574, 'Top': 91}","(1000.0, 0.0, 1000.0, -0.0)",13,42,vertical,"(580.5, 112.0)","(3, 0)",574,91,1
PLAYBOOK,100,"[(679, 516), (593, 514), (594, 483), (680, 485)]","{'Width': 87, 'Height': 33, 'Left': 593, 'Top': 483}","(-0.023, 31.0, -0.023, 31.0)",31.01612484,86.02325267,horizontal,"(636.5, 499.5)","(3, 0)",593,483,0
grayson,100,"[(636, 200), (633, 295), (600, 294), (603, 199)]","{'Width': 36, 'Height': 96, 'Left': 600, 'Top': 199}","(31.667, -0.03, 31.667, -0.03)",33.01514804,95.04735662,vertical,"(618.0, 247.0)","(3, 0)",600,199,1
will,100,"[(638, 156), (637, 199), (603, 198), (604, 155)]","{'Width': 35, 'Height': 44, 'Left': 603, 'Top': 155}","(43.0, -0.029, 43.0, -0.029)",34.0147027,43.01162634,vertical,"(620.5, 177.0)","(3, 0)",603,155,1
david,100,"[(622, 43), (622, 81), (609, 81), (609, 43)]","{'Width': 13, 'Height': 38, 'Left': 609, 'Top': 43}","(1000.0, 0.0, 1000.0, -0.0)",13,38,vertical,"(615.5, 62.0)","(3, 0)",609,43,1
levithan,100,"[(622, 85), (623, 140), (610, 140), (609, 85)]","{'Width': 14, 'Height': 55, 'Left': 609, 'Top': 85}","(-55.0, 0.0, -55.0, -0.0)",13,55.00909016,vertical,"(616.0, 112.5)","(3, 0)",609,85,1
John,100,"[(633, 54), (633, 88), (620, 88), (620, 54)]","{'Width': 13, 'Height': 34, 'Left': 620, 'Top': 54}","(1000.0, 0.0, 1000.0, -0.0)",13,34,vertical,"(626.5, 71.0)","(3, 0)",620,54,1
green,100,"[(633, 89), (633, 131), (620, 131), (620, 89)]","{'Width': 13, 'Height': 42, 'Left': 620, 'Top': 89}","(1000.0, 0.0, 1000.0, -0.0)",13,42,vertical,"(626.5, 110.0)","(3, 0)",620,89,1
grayson,100,"[(683, 201), (681, 296), (648, 295), (650, 200)]","{'Width': 35, 'Height': 96, 'Left': 648, 'Top': 200}","(47.5, -0.03, 47.5, -0.03)",33.01514804,95.0210503,vertical,"(665.5, 248.0)","(3, 0)",648,200,1
will,100,"[(684, 157), (683, 200), (650, 199), (651, 156)]","{'Width': 34, 'Height': 44, 'Left': 650, 'Top': 156}","(43.0, -0.03, 43.0, -0.03)",33.01514804,43.01162634,vertical,"(667.0, 178.0)","(3, 0)",650,156,1
david,100,"[(668, 44), (668, 82), (656, 82), (656, 44)]","{'Width': 12, 'Height': 38, 'Left': 656, 'Top': 44}","(1000.0, 0.0, 1000.0, -0.0)",12,38,vertical,"(662.0, 63.0)","(3, 0)",656,44,1
levithan,100,"[(668, 86), (669, 141), (657, 141), (656, 86)]","{'Width': 13, 'Height': 55, 'Left': 656, 'Top': 86}","(-55.0, 0.0, -55.0, -0.0)",12,55.00909016,vertical,"(662.5, 113.5)","(3, 0)",656,86,1
john,100,"[(679, 57), (679, 89), (667, 89), (667, 57)]","{'Width': 12, 'Height': 32, 'Left': 667, 'Top': 57}","(1000.0, 0.0, 1000.0, -0.0)",12,32,vertical,"(673.0, 73.0)","(3, 0)",667,57,1
green,100,"[(679, 90), (679, 132), (667, 132), (667, 90)]","{'Width': 12, 'Height': 42, 'Left': 667, 'Top': 90}","(1000.0, 0.0, 1000.0, -0.0)",12,42,vertical,"(673.0, 111.0)","(3, 0)",667,90,1
THE,100,"[(711, 486), (710, 521), (685, 520), (686, 485)]","{'Width': 26, 'Height': 36, 'Left': 685, 'Top': 485}","(35.0, -0.04, 35.0, -0.04)",25.01999201,35.0142828,vertical,"(698.0, 503.0)","(3, 0)",685,485,0
SEEN,100,"[(721, 241), (720, 363), (702, 363), (703, 241)]","{'Width': 19, 'Height': 122, 'Left': 702, 'Top': 241}","(122.0, 0.0, 122.0, -0.0)",18,122.0040983,vertical,"(711.5, 302.0)","(3, 0)",702,241,0
SEE,100,"[(723, 116), (722, 180), (703, 180), (704, 116)]","{'Width': 20, 'Height': 64, 'Left': 703, 'Top': 116}","(64.0, 0.0, 64.0, -0.0)",19,64.00781202,vertical,"(713.0, 148.0)","(3, 0)",703,116,0
BE,100,"[(722, 215), (722, 247), (703, 247), (703, 215)]","{'Width': 19, 'Height': 32, 'Left': 703, 'Top': 215}","(1000.0, 0.0, 1000.0, -0.0)",19,32,vertical,"(712.5, 231.0)","(3, 0)",703,215,0
ALL,100,"[(722, 190), (722, 222), (704, 222), (704, 190)]","{'Width': 18, 'Height': 32, 'Left': 704, 'Top': 190}","(1000.0, 0.0, 1000.0, -0.0)",18,32,vertical,"(713.0, 206.0)","(3, 0)",704,190,0
S,100,"[(723, 40), (723, 54), (705, 54), (705, 40)]","{'Width': 18, 'Height': 14, 'Left': 705, 'Top': 40}","(1000.0, 0.0, 1000.0, -0.0)",18,14,vertical,"(714.0, 47.0)","(3, 0)",705,40,0
DER,100,"[(743, 497), (743, 509), (725, 509), (725, 497)]","{'Width': 18, 'Height': 12, 'Left': 725, 'Top': 497}","(1000.0, 0.0, 1000.0, -0.0)",18,12,vertical,"(734.0, 503.0)","(3, 0)",725,497,0
w,100,"[(739, 438), (738, 446), (730, 445), (731, 437)]","{'Width': 9, 'Height': 9, 'Left': 730, 'Top': 437}","(8.0, -0.125, 8.0, -0.125)",8.062257748,8.062257748,vertical,"(734.5, 441.5)","(3, 0)",730,437,0
will,100,"[(11, 157), (11, 195), (0, 195), (0, 157)]","{'Width': 11, 'Height': 38, 'Left': 0, 'Top': 157}","(1000.0, 0.0, 1000.0, -0.0)",11,38,vertical,"(5.5, 176.0)","(3, 1)",0,157,1
grayson,100,"[(11, 200), (11, 292), (0, 292), (0, 200)]","{'Width': 11, 'Height': 92, 'Left': 0, 'Top': 200}","(1000.0, 0.0, 1000.0, -0.0)",11,92,vertical,"(5.5, 246.0)","(3, 1)",0,200,1
THE,100,"[(39, 485), (39, 520), (14, 520), (14, 485)]","{'Width': 25, 'Height': 35, 'Left': 14, 'Top': 485}","(1000.0, 0.0, 1000.0, -0.0)",25,35,vertical,"(26.5, 502.5)","(3, 1)",14,485,0
ALEXANDE,100,"[(116, 510), (61, 509), (61, 495), (116, 496)]","{'Width': 55, 'Height': 15, 'Left': 61, 'Top': 495}","(-0.018, 1000.0, -0.018, 1000.0)",14,55.00909016,horizontal,"(88.5, 502.5)","(3, 1)",61,495,0
TORNADO,100,"[(146, 188), (146, 276), (122, 276), (122, 188)]","{'Width': 24, 'Height': 88, 'Left': 122, 'Top': 188}","(1000.0, 0.0, 1000.0, -0.0)",24,88,vertical,"(134.0, 232.0)","(3, 1)",122,188,1
BRAIN,100,"[(146, 281), (146, 339), (122, 339), (122, 281)]","{'Width': 24, 'Height': 58, 'Left': 122, 'Top': 281}","(1000.0, 0.0, 1000.0, -0.0)",24,58,vertical,"(134.0, 310.0)","(3, 1)",122,281,1
CAT,100,"[(139, 30), (139, 67), (126, 67), (126, 30)]","{'Width': 13, 'Height': 37, 'Left': 126, 'Top': 30}","(1000.0, 0.0, 1000.0, -0.0)",13,37,vertical,"(132.5, 48.5)","(3, 1)",126,30,1
PATRICK,100,"[(139, 74), (139, 152), (126, 152), (126, 74)]","{'Width': 13, 'Height': 78, 'Left': 126, 'Top': 74}","(1000.0, 0.0, 1000.0, -0.0)",13,78,vertical,"(132.5, 113.0)","(3, 1)",126,74,1
BOWLES,100,"[(194, 472), (173, 496), (165, 489), (186, 465)]","{'Width': 29, 'Height': 31, 'Left': 165, 'Top': 465}","(1.143, -0.875, 1.143, -0.875)",10.63014581,31.89043744,vertical,"(179.5, 480.5)","(3, 1)",165,465,1
TORNADO,100,"[(197, 188), (196, 276), (171, 276), (172, 188)]","{'Width': 26, 'Height': 88, 'Left': 171, 'Top': 188}","(88.0, 0.0, 88.0, -0.0)",25,88.00568163,vertical,"(184.0, 232.0)","(3, 1)",171,188,1
BRAI,100,"[(196, 282), (196, 335), (172, 335), (172, 282)]","{'Width': 24, 'Height': 53, 'Left': 172, 'Top': 282}","(1000.0, 0.0, 1000.0, -0.0)",24,53,vertical,"(184.0, 308.5)","(3, 1)",172,282,1
CAT,100,"[(189, 30), (189, 67), (177, 67), (177, 30)]","{'Width': 12, 'Height': 37, 'Left': 177, 'Top': 30}","(1000.0, 0.0, 1000.0, -0.0)",12,37,vertical,"(183.0, 48.5)","(3, 1)",177,30,1
PATRICK,100,"[(189, 74), (189, 151), (177, 151), (177, 74)]","{'Width': 12, 'Height': 77, 'Left': 177, 'Top': 74}","(1000.0, 0.0, 1000.0, -0.0)",12,77,vertical,"(183.0, 112.5)","(3, 1)",177,74,1
DAVID,100,"[(210, 453), (194, 471), (186, 464), (202, 446)]","{'Width': 24, 'Height': 25, 'Left': 186, 'Top': 446}","(1.125, -0.875, 1.125, -0.875)",10.63014581,24.08318916,vertical,"(198.0, 458.5)","(3, 1)",186,446,1
BOWLES,100,"[(230, 468), (209, 491), (202, 485), (223, 461)]","{'Width': 28, 'Height': 30, 'Left': 202, 'Top': 461}","(1.095, -0.857, 1.143, -1.0)",9.559519697,31.51763022,vertical,"(216.0, 476.25)","(3, 1)",202,461,1
KNO,100,"[(251, 221), (250, 283), (216, 282), (217, 220)]","{'Width': 35, 'Height': 63, 'Left': 216, 'Top': 220}","(62.0, -0.029, 62.0, -0.029)",34.0147027,62.00806399,vertical,"(233.5, 251.5)","(3, 1)",216,220,1
COST,100,"[(254, 107), (252, 186), (217, 185), (219, 106)]","{'Width': 37, 'Height': 80, 'Left': 217, 'Top': 106}","(39.5, -0.029, 39.5, -0.029)",35.0142828,79.0253124,vertical,"(235.5, 146.0)","(3, 1)",217,106,1
of,100,"[(252, 192), (251, 221), (217, 220), (218, 191)]","{'Width': 35, 'Height': 30, 'Left': 217, 'Top': 191}","(29.0, -0.029, 29.0, -0.029)",34.0147027,29.01723626,vertical,"(234.5, 206.0)","(3, 1)",217,191,1
The,100,"[(254, 63), (253, 107), (219, 106), (220, 62)]","{'Width': 35, 'Height': 45, 'Left': 219, 'Top': 62}","(44.0, -0.029, 44.0, -0.029)",34.0147027,44.01136217,vertical,"(236.5, 84.5)","(3, 1)",219,62,1
DAVID,100,"[(247, 449), (230, 468), (223, 461), (240, 442)]","{'Width': 24, 'Height': 26, 'Left': 223, 'Top': 442}","(1.118, -1.0, 1.118, -1.0)",9.899494937,25.49509757,vertical,"(235.0, 455.0)","(3, 1)",223,442,1
POEMS,100,"[(260, 396), (234, 426), (225, 418), (251, 388)]","{'Width': 35, 'Height': 38, 'Left': 225, 'Top': 388}","(1.154, -0.889, 1.154, -0.889)",12.04159458,39.69886648,vertical,"(242.5, 407.0)","(3, 1)",225,388,1
KIDS,100,"[(279, 373), (262, 393), (253, 385), (270, 365)]","{'Width': 26, 'Height': 28, 'Left': 253, 'Top': 365}","(1.176, -0.889, 1.176, -0.889)",12.04159458,26.2488095,vertical,"(266.0, 379.0)","(3, 1)",253,365,1
FORMS,100,"[(298, 396), (273, 425), (262, 415), (287, 387)]","{'Width': 36, 'Height': 38, 'Left': 262, 'Top': 387}","(1.16, -0.909, 1.12, -0.818)",14.53936958,37.9125141,vertical,"(280.0, 405.75)","(3, 1)",262,387,0
"""",100,"[(303, 190), (302, 206), (269, 204), (270, 188)]","{'Width': 34, 'Height': 18, 'Left': 269, 'Top': 188}","(16.0, -0.061, 16.0, -0.061)",33.06055051,16.03121954,vertical,"(286.0, 197.0)","(3, 1)",269,188,0
COST,100,"[(309, 106), (304, 186), (270, 184), (275, 104)]","{'Width': 39, 'Height': 82, 'Left': 270, 'Top': 104}","(16.0, -0.059, 16.0, -0.059)",34.05877273,80.15609771,vertical,"(289.5, 145.0)","(3, 1)",270,104,1
BORDER,100,"[(311, 336), (283, 368), (274, 361), (302, 328)]","{'Width': 37, 'Height': 40, 'Left': 274, 'Top': 328}","(1.143, -0.778, 1.179, -0.889)",11.72167441,42.89937663,vertical,"(292.5, 348.25)","(3, 1)",274,328,1
The,100,"[(312, 60), (309, 105), (275, 103), (278, 58)]","{'Width': 37, 'Height': 47, 'Left': 275, 'Top': 58}","(15.0, -0.059, 15.0, -0.059)",34.05877273,45.09988914,vertical,"(293.5, 81.5)","(3, 1)",275,58,1
KIDS,100,"[(319, 370), (301, 391), (291, 383), (309, 361)]","{'Width': 28, 'Height': 30, 'Left': 291, 'Top': 361}","(1.167, -0.8, 1.222, -0.9)",13.12993626,28.04198709,vertical,"(305.0, 376.25)","(3, 1)",291,361,1
A,100,"[(320, 325), (314, 332), (306, 325), (312, 318)]","{'Width': 14, 'Height': 14, 'Left': 306, 'Top': 318}","(1.167, -0.875, 1.167, -0.875)",10.63014581,9.219544457,vertical,"(313.0, 325.0)","(3, 1)",306,318,1
BORDER,100,"[(351, 334), (321, 369), (310, 360), (340, 325)]","{'Width': 41, 'Height': 44, 'Left': 310, 'Top': 325}","(1.167, -0.818, 1.167, -0.818)",14.2126704,46.09772229,vertical,"(330.5, 347.0)","(3, 1)",310,325,1
GUERO,100,"[(350, 290), (324, 319), (316, 312), (342, 283)]","{'Width': 34, 'Height': 36, 'Left': 316, 'Top': 283}","(1.115, -0.875, 1.115, -0.875)",10.63014581,38.94868419,vertical,"(333.0, 301.0)","(3, 1)",316,283,1
BUTER,100,"[(338, 122), (338, 160), (329, 160), (329, 122)]","{'Width': 9, 'Height': 38, 'Left': 329, 'Top': 122}","(1000.0, 0.0, 1000.0, -0.0)",9,38,vertical,"(333.5, 141.0)","(3, 1)",329,122,0
LEGACY,100,"[(412, 329), (351, 398), (332, 382), (393, 312)]","{'Width': 80, 'Height': 86, 'Left': 332, 'Top': 312}","(1.131, -0.842, 1.148, -0.895)",25.16729113,92.47355723,vertical,"(372.0, 355.25)","(3, 1)",332,312,1
ME,100,"[(363, 276), (352, 289), (343, 281), (354, 268)]","{'Width': 20, 'Height': 21, 'Left': 343, 'Top': 268}","(1.182, -0.889, 1.182, -0.889)",12.04159458,17.02938637,vertical,"(353.0, 278.5)","(3, 1)",343,268,1
A,100,"[(358, 325), (353, 331), (343, 322), (348, 316)]","{'Width': 15, 'Height': 15, 'Left': 343, 'Top': 316}","(1.2, -0.9, 1.2, -0.9)",13.45362405,7.810249676,vertical,"(350.5, 323.5)","(3, 1)",343,316,1
GUERO,100,"[(389, 290), (363, 320), (352, 311), (378, 281)]","{'Width': 37, 'Height': 39, 'Left': 352, 'Top': 281}","(1.154, -0.818, 1.154, -0.818)",14.2126704,39.69886648,vertical,"(370.5, 300.5)","(3, 1)",352,281,1
CALL,100,"[(382, 254), (364, 275), (355, 268), (374, 247)]","{'Width': 27, 'Height': 28, 'Left': 355, 'Top': 247}","(1.167, -0.778, 1.105, -0.875)",11.01595003,27.98911894,vertical,"(368.75, 261.0)","(3, 1)",355,247,1
871,100,"[(365, 60), (365, 76), (356, 76), (356, 60)]","{'Width': 9, 'Height': 16, 'Left': 356, 'Top': 60}","(1000.0, 0.0, 1000.0, -0.0)",9,16,vertical,"(360.5, 68.0)","(3, 1)",356,60,0
THEY,100,"[(402, 232), (384, 253), (375, 245), (393, 224)]","{'Width': 27, 'Height': 29, 'Left': 375, 'Top': 224}","(1.167, -0.889, 1.167, -0.889)",12.04159458,27.65863337,vertical,"(388.5, 238.5)","(3, 1)",375,224,1
ME,100,"[(401, 276), (390, 289), (380, 280), (391, 267)]","{'Width': 21, 'Height': 22, 'Left': 380, 'Top': 267}","(1.182, -0.9, 1.182, -0.9)",13.45362405,17.02938637,vertical,"(390.5, 278.0)","(3, 1)",380,267,1
4,100,"[(404, 398), (395, 409), (384, 399), (393, 389)]","{'Width': 20, 'Height': 20, 'Left': 384, 'Top': 389}","(1.222, -0.909, 1.111, -0.818)",14.53936958,13.83314723,vertical,"(394.0, 398.75)","(3, 1)",384,389,0
CALL,100,"[(420, 254), (402, 275), (392, 267), (410, 245)]","{'Width': 28, 'Height': 30, 'Left': 392, 'Top': 245}","(1.167, -0.8, 1.222, -0.9)",13.12993626,28.04198709,vertical,"(406.0, 260.25)","(3, 1)",392,245,1
3,100,"[(420, 380), (412, 389), (402, 380), (409, 371)]","{'Width': 18, 'Height': 18, 'Left': 402, 'Top': 371}","(1.125, -0.9, 1.286, -0.818)",13.83314723,11.72167441,vertical,"(410.75, 380.0)","(3, 1)",402,371,0
CLIMBI,100,"[(440, 407), (414, 437), (408, 432), (434, 402)]","{'Width': 32, 'Height': 35, 'Left': 408, 'Top': 402}","(1.154, -0.833, 1.154, -0.833)",7.810249676,39.69886648,vertical,"(424.0, 419.5)","(3, 1)",408,402,1
THEY,100,"[(441, 231), (423, 252), (412, 243), (430, 222)]","{'Width': 29, 'Height': 30, 'Left': 412, 'Top': 222}","(1.167, -0.818, 1.167, -0.818)",14.2126704,27.65863337,vertical,"(426.5, 237.0)","(3, 1)",412,222,1
GRIMES,100,"[(486, 237), (439, 293), (423, 280), (471, 224)]","{'Width': 63, 'Height': 69, 'Left': 423, 'Top': 224}","(1.191, -0.812, 1.167, -0.867)",20.23248068,73.43293128,vertical,"(454.75, 258.5)","(3, 1)",423,224,1
),100,"[(447, 349), (440, 357), (429, 348), (436, 340)]","{'Width': 18, 'Height': 17, 'Left': 429, 'Top': 340}","(1.143, -0.818, 1.143, -0.818)",14.2126704,10.63014581,vertical,"(438.0, 348.5)","(3, 1)",429,340,0
CLIMB,100,"[(465, 419), (442, 446), (433, 438), (456, 411)]","{'Width': 32, 'Height': 35, 'Left': 433, 'Top': 411}","(1.174, -0.889, 1.174, -0.889)",12.04159458,35.4682957,vertical,"(449.0, 428.5)","(3, 1)",433,411,1
47,100,"[(464, 331), (444, 354), (434, 344), (453, 322)]","{'Width': 30, 'Height': 32, 'Left': 434, 'Top': 322}","(1.15, -1.0, 1.158, -0.818)",14.17740301,29.77419251,vertical,"(448.75, 337.75)","(3, 1)",434,322,0
WE,100,"[(453, 392), (442, 405), (436, 400), (447, 387)]","{'Width': 17, 'Height': 18, 'Left': 436, 'Top': 387}","(1.182, -0.833, 1.182, -0.833)",7.810249676,17.02938637,vertical,"(444.5, 396.0)","(3, 1)",436,387,1
HILL,100,"[(471, 372), (455, 390), (449, 384), (464, 366)]","{'Width': 22, 'Height': 24, 'Left': 449, 'Top': 366}","(1.125, -1.0, 1.2, -0.857)",8.852412916,23.75696909,vertical,"(459.75, 378.0)","(3, 1)",449,366,1
WE,100,"[(478, 405), (468, 416), (459, 409), (469, 397)]","{'Width': 19, 'Height': 19, 'Left': 459, 'Top': 397}","(1.1, -0.778, 1.2, -0.889)",11.72167441,15.24328405,vertical,"(468.5, 406.75)","(3, 1)",459,397,1
4THE,100,"[(491, 348), (473, 369), (467, 364), (485, 343)]","{'Width': 24, 'Height': 26, 'Left': 467, 'Top': 343}","(1.167, -0.833, 1.167, -0.833)",7.810249676,27.65863337,vertical,"(479.0, 356.0)","(3, 1)",467,343,1
HILL,100,"[(496, 383), (480, 401), (471, 393), (487, 375)]","{'Width': 25, 'Height': 26, 'Left': 471, 'Top': 375}","(1.125, -0.889, 1.125, -0.889)",12.04159458,24.08318916,vertical,"(483.5, 388.0)","(3, 1)",471,375,1
race,100,"[(509, 303), (492, 323), (482, 314), (499, 294)]","{'Width': 27, 'Height': 29, 'Left': 482, 'Top': 294}","(1.176, -0.9, 1.176, -0.9)",13.45362405,26.2488095,vertical,"(495.5, 308.5)","(3, 1)",482,294,0
THE,100,"[(512, 363), (496, 381), (488, 374), (504, 356)]","{'Width': 24, 'Height': 25, 'Left': 488, 'Top': 356}","(1.125, -0.875, 1.125, -0.875)",10.63014581,24.08318916,vertical,"(500.0, 368.5)","(3, 1)",488,356,1
the,100,"[(524, 284), (508, 302), (499, 294), (515, 276)]","{'Width': 25, 'Height': 26, 'Left': 499, 'Top': 276}","(1.125, -0.889, 1.125, -0.889)",12.04159458,24.08318916,vertical,"(511.5, 289.0)","(3, 1)",499,276,1
BUTCA,100,"[(516, 111), (515, 151), (504, 151), (505, 111)]","{'Width': 12, 'Height': 40, 'Left': 504, 'Top': 111}","(40.0, 0.0, 40.0, -0.0)",11,40.01249805,vertical,"(510.0, 131.0)","(3, 1)",504,111,0
am,100,"[(537, 269), (524, 284), (515, 276), (528, 261)]","{'Width': 22, 'Height': 23, 'Left': 515, 'Top': 261}","(1.154, -0.889, 1.154, -0.889)",12.04159458,19.84943324,vertical,"(526.0, 272.5)","(3, 1)",515,261,1
GORMAN,100,"[(558, 310), (524, 350), (515, 342), (549, 302)]","{'Width': 43, 'Height': 48, 'Left': 515, 'Top': 302}","(1.176, -0.889, 1.176, -0.889)",12.04159458,52.49761899,vertical,"(536.5, 326.0)","(3, 1)",515,302,1
I,100,"[(544, 262), (537, 270), (528, 262), (535, 254)]","{'Width': 16, 'Height': 16, 'Left': 528, 'Top': 254}","(1.143, -0.889, 1.143, -0.889)",12.04159458,10.63014581,vertical,"(536.0, 262.0)","(3, 1)",528,254,1
OUTER,100,"[(546, 112), (545, 152), (534, 152), (535, 112)]","{'Width': 12, 'Height': 40, 'Left': 534, 'Top': 112}","(40.0, 0.0, 40.0, -0.0)",11,40.01249805,vertical,"(540.0, 132.0)","(3, 1)",534,112,0
ASON,100,"[(581, 284), (560, 309), (550, 301), (572, 276)]","{'Width': 31, 'Height': 33, 'Left': 550, 'Top': 276}","(1.19, -0.8, 1.136, -0.889)",12.42392153,32.97565352,vertical,"(565.75, 292.5)","(3, 1)",550,276,0
C,100,"[(596, 197), (595, 210), (583, 209), (584, 196)]","{'Width': 13, 'Height': 14, 'Left': 583, 'Top': 196}","(13.0, -0.083, 13.0, -0.083)",12.04159458,13.03840481,vertical,"(589.5, 203.0)","(3, 1)",583,196,0
THE,100,"[(599, 164), (597, 192), (584, 191), (586, 163)]","{'Width': 15, 'Height': 29, 'Left': 584, 'Top': 163}","(14.0, -0.077, 14.0, -0.077)",13.03840481,28.0713377,vertical,"(591.5, 177.5)","(3, 1)",584,163,0
ME,100,"[(648, 176), (647, 192), (639, 192), (640, 176)]","{'Width': 9, 'Height': 16, 'Left': 639, 'Top': 176}","(16.0, 0.0, 16.0, -0.0)",8,16.03121954,vertical,"(643.5, 184.0)","(3, 1)",639,176,1
REAL,100,"[(650, 150), (649, 173), (640, 172), (641, 150)]","{'Width': 10, 'Height': 23, 'Left': 640, 'Top': 150}","(23.0, -0.111, 22.0, -0.0)",9.027692569,22.52222221,vertical,"(645.0, 161.25)","(3, 1)",640,150,1
THE,100,"[(651, 131), (650, 149), (641, 148), (642, 131)]","{'Width': 10, 'Height': 18, 'Left': 641, 'Top': 131}","(18.0, -0.111, 17.0, -0.0)",9.027692569,17.52857137,vertical,"(646.0, 139.75)","(3, 1)",641,131,1
OF,100,"[(651, 116), (650, 130), (642, 130), (643, 116)]","{'Width': 9, 'Height': 14, 'Left': 642, 'Top': 116}","(14.0, 0.0, 14.0, -0.0)",8,14.03566885,vertical,"(646.5, 123.0)","(3, 1)",642,116,1
STORY,100,"[(654, 81), (652, 113), (643, 112), (645, 81)]","{'Width': 11, 'Height': 32, 'Left': 643, 'Top': 81}","(16.0, -0.111, 15.5, -0.0)",9.027692569,31.56344411,vertical,"(648.5, 96.75)","(3, 1)",643,81,1
UNTOLD,100,"[(656, 41), (654, 79), (645, 78), (647, 41)]","{'Width': 11, 'Height': 38, 'Left': 645, 'Top': 41}","(19.0, -0.111, 18.5, -0.0)",9.027692569,37.5533049,vertical,"(650.5, 59.75)","(3, 1)",645,41,1
THE,100,"[(657, 23), (656, 41), (647, 40), (648, 23)]","{'Width': 10, 'Height': 18, 'Left': 647, 'Top': 23}","(18.0, -0.111, 17.0, -0.0)",9.027692569,17.52857137,vertical,"(652.0, 31.75)","(3, 1)",647,23,1
THE,100,"[(147, 20), (148, 53), (131, 53), (130, 20)]","{'Width': 18, 'Height': 33, 'Left': 130, 'Top': 20}","(-33.0, 0.0, -33.0, -0.0)",17,33.01514804,vertical,"(139.0, 36.5)","(4, 0)",130,20,1
WORD,100,"[(148, 58), (149, 111), (132, 111), (131, 58)]","{'Width': 18, 'Height': 53, 'Left': 131, 'Top': 58}","(-53.0, 0.0, -53.0, -0.0)",17,53.00943312,vertical,"(140.0, 84.5)","(4, 0)",131,58,1
MUSEUM,100,"[(149, 115), (151, 186), (135, 186), (133, 115)]","{'Width': 18, 'Height': 71, 'Left': 133, 'Top': 115}","(-35.5, 0.0, -35.5, -0.0)",16,71.02816343,vertical,"(142.0, 150.5)","(4, 0)",133,115,1
JEFFREY,100,"[(152, 223), (153, 276), (136, 276), (135, 223)]","{'Width': 18, 'Height': 53, 'Left': 135, 'Top': 223}","(-53.0, 0.0, -53.0, -0.0)",17,53.00943312,vertical,"(144.0, 249.5)","(4, 0)",135,223,1
KACIRK,100,"[(154, 277), (155, 324), (138, 324), (137, 277)]","{'Width': 18, 'Height': 47, 'Left': 137, 'Top': 277}","(-47.0, 0.0, -47.0, -0.0)",17,47.01063709,vertical,"(146.0, 300.5)","(4, 0)",137,277,1
YOUR,100,"[(178, 100), (217, 0), (244, 2), (205, 110)]","{'Width': 66, 'Height': 110, 'Left': 178, 'Top': 0}","(2.564, -0.074, 2.769, -0.37)",27.93316642,111.0809383,vertical,"(211.0, 53.0)","(4, 0)",178,0,0
EAUTIFUL,100,"[(743, 167), (560, 166), (560, 132), (743, 133)]","{'Width': 183, 'Height': 35, 'Left': 560, 'Top': 132}","(-0.005, 1000.0, -0.005, 1000.0)",34,183.0027322,horizontal,"(651.5, 149.5)","(4, 0)",560,132,1
PARTY,100,"[(420, 259), (473, 254), (474, 267), (421, 272)]","{'Width': 54, 'Height': 18, 'Left': 420, 'Top': 254}","(0.094, -13.0, 0.094, -13.0)",13.03840481,53.23532662,horizontal,"(447.0, 263.0)","(4, 1)",420,254,1
UGLYDOLL,100,"[(429, 75), (544, 59), (547, 81), (432, 98)]","{'Width': 118, 'Height': 39, 'Left': 429, 'Top': 59}","(0.139, -7.333, 0.148, -7.667)",22.69921516,116.1787199,horizontal,"(488.0, 78.25)","(4, 1)",429,59,1
GOODIES,100,"[(441, 185), (523, 169), (526, 187), (444, 203)]","{'Width': 85, 'Height': 34, 'Left': 441, 'Top': 169}","(0.195, -6.0, 0.195, -6.0)",18.24828759,83.5463943,horizontal,"(483.5, 186.0)","(4, 1)",441,169,1
IN,100,"[(453, 160), (496, 151), (500, 171), (457, 181)]","{'Width': 47, 'Height': 30, 'Left': 453, 'Top': 151}","(0.209, -5.0, 0.233, -5.25)",20.88681819,44.03962269,horizontal,"(476.5, 165.75)","(4, 1)",453,151,0
BOX,100,"[(478, 253), (513, 250), (514, 263), (479, 266)]","{'Width': 36, 'Height': 16, 'Left': 478, 'Top': 250}","(0.086, -13.0, 0.086, -13.0)",13.03840481,35.12833614,horizontal,"(496.0, 258.0)","(4, 1)",478,250,1
