txt,confidence,vertices,boundBox,slopes,font,word_len,direction,center_point,crop_idx,Left,Top,Label
ated,100,"[(0, 189), (72, 195), (69, 228), (0, 222)]","{'Width': 72, 'Height': 39, 'Left': 0, 'Top': 189}","(-0.083, 11.0, -0.087, 1000.0)",33.06804153,70.75497288,horizontal,"(35.25, 208.5)","(0, 0)",0,189,0
808.3,100,"[(184, 1168), (241, 1170), (241, 1185), (184, 1183)]","{'Width': 57, 'Height': 17, 'Left': 184, 'Top': 1168}","(-0.035, 1000.0, -0.035, 1000.0)",15.0,57.03507693,horizontal,"(212.5, 1176.5)","(0, 0)",184,1168,0
BUC,100,"[(184, 1193), (218, 1194), (217, 1208), (184, 1207)]","{'Width': 34, 'Height': 15, 'Left': 184, 'Top': 1193}","(-0.029, 14.0, -0.03, 1000.0)",14.01783442,33.51492537,horizontal,"(200.75, 1200.5)","(0, 0)",184,1193,0
A,100,"[(220, 347), (220, 383), (186, 383), (186, 347)]","{'Width': 34, 'Height': 36, 'Left': 186, 'Top': 347}","(1000.0, 0.0, 1000.0, -0.0)",34.0,36.0,vertical,"(203.0, 365.0)","(0, 0)",186,347,1
Writer's,100,"[(220, 397), (222, 557), (188, 557), (186, 397)]","{'Width': 36, 'Height': 160, 'Left': 186, 'Top': 397}","(-80.0, 0.0, -80.0, -0.0)",34.0,160.0124995,vertical,"(204.0, 477.0)","(0, 0)",186,397,1
Guide,100,"[(223, 571), (225, 685), (190, 685), (188, 571)]","{'Width': 37, 'Height': 114, 'Left': 188, 'Top': 571}","(-57.0, 0.0, -57.0, -0.0)",35.0,114.0175425,vertical,"(206.5, 628.0)","(0, 0)",188,571,1
To,100,"[(224, 696), (224, 730), (190, 730), (190, 696)]","{'Width': 34, 'Height': 34, 'Left': 190, 'Top': 696}","(1000.0, 0.0, 1000.0, -0.0)",34.0,34.0,vertical,"(207.0, 713.0)","(0, 0)",190,696,1
ACTIVE,100,"[(225, 744), (227, 924), (192, 924), (190, 744)]","{'Width': 37, 'Height': 180, 'Left': 190, 'Top': 744}","(-90.0, 0.0, -90.0, -0.0)",35.0,180.0111108,vertical,"(208.5, 834.0)","(0, 0)",190,744,1
SETTING,100,"[(228, 936), (231, 1130), (196, 1130), (193, 936)]","{'Width': 38, 'Height': 194, 'Left': 193, 'Top': 936}","(-64.667, 0.0, -64.667, -0.0)",35.0,194.0231945,vertical,"(212.0, 1033.0)","(0, 0)",193,936,1
808.3,100,"[(262, 1177), (322, 1178), (322, 1191), (262, 1190)]","{'Width': 60, 'Height': 14, 'Left': 262, 'Top': 1177}","(-0.017, 1000.0, -0.017, 1000.0)",13.0,60.00833275,horizontal,"(292.0, 1184.0)","(0, 0)",262,1177,0
CRA,100,"[(262, 1201), (298, 1202), (298, 1215), (262, 1214)]","{'Width': 36, 'Height': 14, 'Left': 262, 'Top': 1201}","(-0.028, 1000.0, -0.028, 1000.0)",13.0,36.01388621,horizontal,"(280.0, 1208.0)","(0, 0)",262,1201,0
CRAFTING,100,"[(307, 464), (308, 652), (277, 652), (276, 464)]","{'Width': 32, 'Height': 188, 'Left': 276, 'Top': 464}","(-188.0, 0.0, -188.0, -0.0)",31.0,188.0026596,vertical,"(292.0, 558.0)","(0, 0)",276,464,1
DYNAMIC,100,"[(308, 663), (309, 837), (279, 837), (278, 663)]","{'Width': 31, 'Height': 174, 'Left': 278, 'Top': 663}","(-174.0, 0.0, -174.0, -0.0)",30.0,174.0028735,vertical,"(293.5, 750.0)","(0, 0)",278,663,1
DIALOGUE,100,"[(310, 847), (312, 1038), (281, 1038), (279, 847)]","{'Width': 33, 'Height': 191, 'Left': 279, 'Top': 847}","(-95.5, 0.0, -95.5, -0.0)",31.0,191.0104709,vertical,"(295.5, 942.5)","(0, 0)",279,847,1
STORYVILLE,100,"[(423, 228), (441, 645), (363, 648), (344, 232)]","{'Width': 97, 'Height': 420, 'Left': 344, 'Top': 228}","(-23.167, 0.038, -21.895, 0.051)",78.57943599,416.9109883,vertical,"(392.75, 438.25)","(0, 0)",344,228,1
DUF,100,"[(353, 1202), (389, 1202), (389, 1214), (353, 1214)]","{'Width': 36, 'Height': 12, 'Left': 353, 'Top': 1202}","(-0.0, 1000.0, 0.0, 1000.0)",12.0,36.0,horizontal,"(371.0, 1208.0)","(0, 0)",353,1202,0
808.3,100,"[(354, 1178), (411, 1178), (411, 1191), (354, 1191)]","{'Width': 57, 'Height': 13, 'Left': 354, 'Top': 1178}","(-0.0, 1000.0, 0.0, 1000.0)",13.0,57.0,horizontal,"(382.5, 1184.5)","(0, 0)",354,1178,0
ILLUSTRATED,100,"[(356, 1130), (436, 1131), (436, 1151), (356, 1150)]","{'Width': 80, 'Height': 21, 'Left': 356, 'Top': 1130}","(-0.013, 1000.0, -0.013, 1000.0)",20.0,80.00624976,horizontal,"(396.0, 1140.5)","(0, 0)",356,1130,1
DV,100,"[(357, 1158), (383, 1158), (383, 1171), (357, 1171)]","{'Width': 26, 'Height': 13, 'Left': 357, 'Top': 1158}","(-0.0, 1000.0, 0.0, 1000.0)",13.0,26.0,horizontal,"(370.0, 1164.5)","(0, 0)",357,1158,0
DUFRESNE,100,"[(358, 1092), (433, 1091), (433, 1118), (358, 1119)]","{'Width': 75, 'Height': 28, 'Left': 358, 'Top': 1091}","(0.013, 1000.0, 0.013, 1000.0)",27.0,75.00666637,horizontal,"(395.5, 1105.0)","(0, 0)",358,1091,1
TO,100,"[(391, 689), (391, 724), (359, 724), (359, 689)]","{'Width': 32, 'Height': 35, 'Left': 359, 'Top': 689}","(1000.0, 0.0, 1000.0, -0.0)",32.0,35.0,vertical,"(375.0, 706.5)","(0, 0)",359,689,1
WRITING,100,"[(391, 736), (392, 853), (360, 853), (359, 736)]","{'Width': 33, 'Height': 117, 'Left': 359, 'Top': 736}","(-117.0, 0.0, -117.0, -0.0)",32.0,117.0042734,vertical,"(375.5, 794.5)","(0, 0)",359,736,1
FICTION,100,"[(392, 862), (393, 972), (360, 972), (359, 862)]","{'Width': 34, 'Height': 110, 'Left': 359, 'Top': 862}","(-110.0, 0.0, -110.0, -0.0)",33.0,110.0045454,vertical,"(376.0, 917.0)","(0, 0)",359,862,1
JOHN,100,"[(359, 1049), (436, 1049), (436, 1086), (359, 1086)]","{'Width': 77, 'Height': 37, 'Left': 359, 'Top': 1049}","(-0.0, 1000.0, 0.0, 1000.0)",37.0,77.0,horizontal,"(397.5, 1067.5)","(0, 0)",359,1049,1
!,100,"[(441, 651), (442, 674), (364, 677), (363, 654)]","{'Width': 79, 'Height': 26, 'Left': 363, 'Top': 651}","(-23.0, 0.038, -23.0, 0.038)",78.05767099,23.02172887,vertical,"(402.5, 664.0)","(0, 0)",363,651,1
AN,100,"[(442, 675), (445, 744), (367, 747), (364, 678)]","{'Width': 81, 'Height': 72, 'Left': 364, 'Top': 675}","(-23.0, 0.038, -23.0, 0.038)",78.05767099,69.0651866,vertical,"(404.5, 711.0)","(0, 0)",364,675,1
ILLUSTRATED,100,"[(445, 729), (453, 903), (374, 906), (366, 733)]","{'Width': 87, 'Height': 177, 'Left': 366, 'Top': 729}","(-21.75, 0.038, -21.625, 0.051)",79.07907125,173.6843416,vertical,"(409.5, 817.75)","(0, 0)",366,729,1
GUIDE,100,"[(453, 905), (456, 976), (377, 979), (374, 909)]","{'Width': 82, 'Height': 74, 'Left': 374, 'Top': 905}","(-23.667, 0.038, -23.333, 0.051)",79.07907125,70.56380412,vertical,"(415.0, 942.25)","(0, 0)",374,905,1
CULN,100,"[(385, 1157), (434, 1158), (434, 1172), (385, 1171)]","{'Width': 49, 'Height': 15, 'Left': 385, 'Top': 1157}","(-0.02, 1000.0, -0.02, 1000.0)",14.0,49.01020302,horizontal,"(409.5, 1164.5)","(0, 0)",385,1157,0
MAA,100,"[(462, 1213), (501, 1214), (501, 1225), (462, 1224)]","{'Width': 39, 'Height': 12, 'Left': 462, 'Top': 1213}","(-0.026, 1000.0, -0.026, 1000.0)",11.0,39.01281841,horizontal,"(481.5, 1219.0)","(0, 0)",462,1213,0
808.3,100,"[(464, 1188), (525, 1190), (525, 1203), (464, 1201)]","{'Width': 61, 'Height': 15, 'Left': 464, 'Top': 1188}","(-0.033, 1000.0, -0.033, 1000.0)",13.0,61.03277808,horizontal,"(494.5, 1195.5)","(0, 0)",464,1188,0
MAASS,100,"[(468, 1143), (547, 1146), (546, 1164), (467, 1161)]","{'Width': 80, 'Height': 21, 'Left': 467, 'Top': 1143}","(-0.038, 18.0, -0.038, 18.0)",18.02775638,79.0569415,horizontal,"(507.0, 1153.5)","(0, 0)",467,1143,1
Novels,100,"[(531, 846), (531, 900), (477, 900), (477, 846)]","{'Width': 54, 'Height': 54, 'Left': 477, 'Top': 846}","(1000.0, 0.0, 1000.0, -0.0)",54.0,54.0,vertical,"(504.0, 873.0)","(0, 0)",477,846,1
That,100,"[(530, 899), (530, 935), (477, 935), (477, 899)]","{'Width': 53, 'Height': 36, 'Left': 477, 'Top': 899}","(1000.0, 0.0, 1000.0, -0.0)",53.0,36.0,vertical,"(503.5, 917.0)","(0, 0)",477,899,1
BREAKOUT,100,"[(533, 447), (532, 633), (478, 633), (479, 447)]","{'Width': 55, 'Height': 186, 'Left': 478, 'Top': 447}","(186.0, 0.0, 186.0, -0.0)",54.0,186.0026882,vertical,"(505.5, 540.0)","(0, 0)",478,447,1
NOVELIST,100,"[(531, 653), (531, 772), (478, 772), (478, 653)]","{'Width': 53, 'Height': 119, 'Left': 478, 'Top': 653}","(1000.0, 0.0, 1000.0, -0.0)",53.0,119.0,vertical,"(504.5, 712.5)","(0, 0)",478,653,1
Craft,100,"[(531, 789), (531, 837), (478, 837), (478, 789)]","{'Width': 53, 'Height': 48, 'Left': 478, 'Top': 789}","(1000.0, 0.0, 1000.0, -0.0)",53.0,48.0,vertical,"(504.5, 813.0)","(0, 0)",478,789,1
THE,100,"[(532, 377), (532, 429), (479, 429), (479, 377)]","{'Width': 53, 'Height': 52, 'Left': 479, 'Top': 377}","(1000.0, 0.0, 1000.0, -0.0)",53.0,52.0,vertical,"(505.5, 403.0)","(0, 0)",479,377,1
Stand,100,"[(511, 939), (511, 983), (497, 983), (497, 939)]","{'Width': 14, 'Height': 44, 'Left': 497, 'Top': 939}","(1000.0, 0.0, 1000.0, -0.0)",14.0,44.0,vertical,"(504.0, 961.0)","(0, 0)",497,939,1
Out,100,"[(511, 988), (511, 1018), (497, 1018), (497, 988)]","{'Width': 14, 'Height': 30, 'Left': 497, 'Top': 988}","(1000.0, 0.0, 1000.0, -0.0)",14.0,30.0,vertical,"(504.0, 1003.0)","(0, 0)",497,988,1
and,100,"[(511, 1022), (511, 1050), (497, 1050), (497, 1022)]","{'Width': 14, 'Height': 28, 'Left': 497, 'Top': 1022}","(1000.0, 0.0, 1000.0, -0.0)",14.0,28.0,vertical,"(504.0, 1036.0)","(0, 0)",497,1022,1
Sell,100,"[(512, 1055), (512, 1084), (497, 1084), (497, 1055)]","{'Width': 15, 'Height': 29, 'Left': 497, 'Top': 1055}","(1000.0, 0.0, 1000.0, -0.0)",15.0,29.0,vertical,"(504.5, 1069.5)","(0, 0)",497,1055,1
MAJ,100,"[(567, 1195), (606, 1197), (605, 1210), (566, 1208)]","{'Width': 40, 'Height': 15, 'Left': 566, 'Top': 1195}","(-0.051, 13.0, -0.051, 13.0)",13.03840481,39.05124838,horizontal,"(586.0, 1202.5)","(0, 0)",566,1195,0
808.3,100,"[(568, 1171), (630, 1174), (629, 1195), (567, 1192)]","{'Width': 63, 'Height': 24, 'Left': 567, 'Top': 1171}","(-0.048, 21.0, -0.048, 21.0)",21.02379604,62.07253821,horizontal,"(598.5, 1183.0)","(0, 0)",567,1171,0
THIS,100,"[(611, 425), (611, 500), (573, 500), (573, 425)]","{'Width': 38, 'Height': 75, 'Left': 573, 'Top': 425}","(1000.0, 0.0, 1000.0, -0.0)",38.0,75.0,vertical,"(592.0, 462.5)","(0, 0)",573,425,1
IS,100,"[(611, 511), (611, 541), (573, 541), (573, 511)]","{'Width': 38, 'Height': 30, 'Left': 573, 'Top': 511}","(1000.0, 0.0, 1000.0, -0.0)",38.0,30.0,vertical,"(592.0, 526.0)","(0, 0)",573,511,1
NOT,100,"[(611, 553), (611, 616), (573, 616), (573, 553)]","{'Width': 38, 'Height': 63, 'Left': 573, 'Top': 553}","(1000.0, 0.0, 1000.0, -0.0)",38.0,63.0,vertical,"(592.0, 584.5)","(0, 0)",573,553,1
A,100,"[(611, 627), (611, 648), (573, 648), (573, 627)]","{'Width': 38, 'Height': 21, 'Left': 573, 'Top': 627}","(1000.0, 0.0, 1000.0, -0.0)",38.0,21.0,vertical,"(592.0, 637.5)","(0, 0)",573,627,1
WRITING,100,"[(611, 658), (611, 801), (573, 801), (573, 658)]","{'Width': 38, 'Height': 143, 'Left': 573, 'Top': 658}","(1000.0, 0.0, 1000.0, -0.0)",38.0,143.0,vertical,"(592.0, 729.5)","(0, 0)",573,658,1
MANUAL,100,"[(611, 811), (611, 949), (573, 949), (573, 811)]","{'Width': 38, 'Height': 138, 'Left': 573, 'Top': 811}","(1000.0, 0.0, 1000.0, -0.0)",38.0,138.0,vertical,"(592.0, 880.0)","(0, 0)",573,811,1
TORONTO,100,"[(584, 276), (623, 281), (621, 294), (582, 289)]","{'Width': 41, 'Height': 18, 'Left': 582, 'Top': 276}","(-0.128, 6.5, -0.128, 6.5)",13.15294644,39.3192065,horizontal,"(602.5, 285.0)","(0, 0)",582,276,0
MAJORS,100,"[(604, 1052), (604, 1124), (583, 1124), (583, 1052)]","{'Width': 21, 'Height': 72, 'Left': 583, 'Top': 1052}","(1000.0, 0.0, 1000.0, -0.0)",21.0,72.0,vertical,"(593.5, 1088.0)","(0, 0)",583,1052,1
PUP,100,"[(624, 281), (639, 283), (637, 296), (622, 294)]","{'Width': 17, 'Height': 15, 'Left': 622, 'Top': 281}","(-0.133, 6.5, -0.133, 6.5)",13.15294644,15.13274595,horizontal,"(630.5, 288.5)","(0, 0)",622,281,0
8.3,100,"[(641, 1174), (689, 1176), (688, 1197), (640, 1195)]","{'Width': 49, 'Height': 23, 'Left': 640, 'Top': 1174}","(-0.042, 21.0, -0.042, 21.0)",21.02379604,48.0416486,horizontal,"(664.5, 1185.5)","(0, 0)",640,1174,0
OS,100,"[(640, 1205), (661, 1206), (661, 1218), (640, 1217)]","{'Width': 21, 'Height': 13, 'Left': 640, 'Top': 1205}","(-0.048, 1000.0, -0.048, 1000.0)",12.0,21.02379604,horizontal,"(650.5, 1211.5)","(0, 0)",640,1205,0
Mosley,100,"[(678, 861), (676, 1010), (645, 1010), (647, 861)]","{'Width': 33, 'Height': 149, 'Left': 645, 'Top': 861}","(74.5, 0.0, 74.5, -0.0)",31.0,149.0134222,vertical,"(661.5, 935.5)","(0, 0)",645,861,1
Walter,100,"[(680, 704), (678, 842), (647, 842), (649, 704)]","{'Width': 33, 'Height': 138, 'Left': 647, 'Top': 704}","(69.0, 0.0, 69.0, -0.0)",31.0,138.014492,vertical,"(663.5, 773.0)","(0, 0)",647,704,1
FICTION,100,"[(658, 450), (658, 533), (648, 533), (648, 450)]","{'Width': 10, 'Height': 83, 'Left': 648, 'Top': 450}","(1000.0, 0.0, 1000.0, -0.0)",10.0,83.0,vertical,"(653.0, 491.5)","(0, 0)",648,450,1
ELEMENTS,100,"[(677, 423), (677, 525), (666, 525), (666, 423)]","{'Width': 11, 'Height': 102, 'Left': 666, 'Top': 423}","(1000.0, 0.0, 1000.0, -0.0)",11.0,102.0,vertical,"(671.5, 474.0)","(0, 0)",666,423,1
OF,100,"[(677, 536), (677, 562), (666, 562), (666, 536)]","{'Width': 11, 'Height': 26, 'Left': 666, 'Top': 536}","(1000.0, 0.0, 1000.0, -0.0)",11.0,26.0,vertical,"(671.5, 549.0)","(0, 0)",666,536,1
808.3,100,"[(706, 1177), (767, 1180), (766, 1201), (705, 1198)]","{'Width': 62, 'Height': 24, 'Left': 705, 'Top': 1177}","(-0.049, 21.0, -0.049, 21.0)",21.02379604,61.07372594,horizontal,"(736.0, 1189.0)","(0, 0)",705,1177,0
PIE,100,"[(706, 1204), (737, 1204), (737, 1215), (706, 1215)]","{'Width': 31, 'Height': 11, 'Left': 706, 'Top': 1204}","(-0.0, 1000.0, 0.0, 1000.0)",11.0,31.0,horizontal,"(721.5, 1209.5)","(0, 0)",706,1204,0
A,100,"[(729, 521), (729, 534), (714, 534), (714, 521)]","{'Width': 15, 'Height': 13, 'Left': 714, 'Top': 521}","(1000.0, 0.0, 1000.0, -0.0)",15.0,13.0,vertical,"(721.5, 527.5)","(0, 0)",714,521,1
Pocket,100,"[(729, 538), (729, 583), (714, 583), (714, 538)]","{'Width': 15, 'Height': 45, 'Left': 714, 'Top': 538}","(1000.0, 0.0, 1000.0, -0.0)",15.0,45.0,vertical,"(721.5, 560.5)","(0, 0)",714,538,1
Guide,100,"[(729, 588), (729, 630), (714, 630), (714, 588)]","{'Width': 15, 'Height': 42, 'Left': 714, 'Top': 588}","(1000.0, 0.0, 1000.0, -0.0)",15.0,42.0,vertical,"(721.5, 609.0)","(0, 0)",714,588,1
to,100,"[(729, 635), (729, 649), (714, 649), (714, 635)]","{'Width': 15, 'Height': 14, 'Left': 714, 'Top': 635}","(1000.0, 0.0, 1000.0, -0.0)",15.0,14.0,vertical,"(721.5, 642.0)","(0, 0)",714,635,1
Writing,100,"[(729, 653), (729, 707), (714, 707), (714, 653)]","{'Width': 15, 'Height': 54, 'Left': 714, 'Top': 653}","(1000.0, 0.0, 1000.0, -0.0)",15.0,54.0,vertical,"(721.5, 680.0)","(0, 0)",714,653,1
Your,100,"[(729, 711), (729, 745), (714, 745), (714, 711)]","{'Width': 15, 'Height': 34, 'Left': 714, 'Top': 711}","(1000.0, 0.0, 1000.0, -0.0)",15.0,34.0,vertical,"(721.5, 728.0)","(0, 0)",714,711,1
Way,100,"[(729, 749), (729, 780), (714, 780), (714, 749)]","{'Width': 15, 'Height': 31, 'Left': 714, 'Top': 749}","(1000.0, 0.0, 1000.0, -0.0)",15.0,31.0,vertical,"(721.5, 764.5)","(0, 0)",714,749,1
Out,100,"[(729, 784), (729, 814), (714, 814), (714, 784)]","{'Width': 15, 'Height': 30, 'Left': 714, 'Top': 784}","(1000.0, 0.0, 1000.0, -0.0)",15.0,30.0,vertical,"(721.5, 799.0)","(0, 0)",714,784,1
of,100,"[(729, 818), (729, 836), (714, 836), (714, 818)]","{'Width': 15, 'Height': 18, 'Left': 714, 'Top': 818}","(1000.0, 0.0, 1000.0, -0.0)",15.0,18.0,vertical,"(721.5, 827.0)","(0, 0)",714,818,1
It,100,"[(729, 837), (729, 848), (714, 848), (714, 837)]","{'Width': 15, 'Height': 11, 'Left': 714, 'Top': 837}","(1000.0, 0.0, 1000.0, -0.0)",15.0,11.0,vertical,"(721.5, 842.5)","(0, 0)",714,837,1
DBC,100,"[(757, 1009), (757, 1079), (726, 1079), (726, 1009)]","{'Width': 31, 'Height': 70, 'Left': 726, 'Top': 1009}","(1000.0, 0.0, 1000.0, -0.0)",31.0,70.0,vertical,"(741.5, 1044.0)","(0, 0)",726,1009,1
PIER,100,"[(756, 1094), (756, 1163), (726, 1163), (726, 1094)]","{'Width': 30, 'Height': 69, 'Left': 726, 'Top': 1094}","(1000.0, 0.0, 1000.0, -0.0)",30.0,69.0,vertical,"(741.0, 1128.5)","(0, 0)",726,1094,1
RELEASE,100,"[(771, 512), (771, 664), (740, 664), (740, 512)]","{'Width': 31, 'Height': 152, 'Left': 740, 'Top': 512}","(1000.0, 0.0, 1000.0, -0.0)",31.0,152.0,vertical,"(755.5, 588.0)","(0, 0)",740,512,1
THE,100,"[(771, 680), (771, 753), (740, 753), (740, 680)]","{'Width': 31, 'Height': 73, 'Left': 740, 'Top': 680}","(1000.0, 0.0, 1000.0, -0.0)",31.0,73.0,vertical,"(755.5, 716.5)","(0, 0)",740,680,1
BATS,100,"[(771, 766), (771, 855), (740, 855), (740, 766)]","{'Width': 31, 'Height': 89, 'Left': 740, 'Top': 766}","(1000.0, 0.0, 1000.0, -0.0)",31.0,89.0,vertical,"(755.5, 810.5)","(0, 0)",740,766,1
808.3,100,"[(796, 1182), (853, 1183), (853, 1196), (796, 1195)]","{'Width': 57, 'Height': 14, 'Left': 796, 'Top': 1182}","(-0.018, 1000.0, -0.018, 1000.0)",13.0,57.00877125,horizontal,"(824.5, 1189.0)","(0, 0)",796,1182,0
SOB,100,"[(796, 1206), (829, 1207), (829, 1220), (796, 1219)]","{'Width': 33, 'Height': 14, 'Left': 796, 'Top': 1206}","(-0.03, 1000.0, -0.03, 1000.0)",13.0,33.01514804,horizontal,"(812.5, 1213.0)","(0, 0)",796,1206,0
THE,100,"[(851, 303), (851, 385), (809, 385), (809, 303)]","{'Width': 42, 'Height': 82, 'Left': 809, 'Top': 303}","(1000.0, 0.0, 1000.0, -0.0)",42.0,82.0,vertical,"(830.0, 344.0)","(0, 0)",809,303,1
WRITER'S,100,"[(851, 398), (851, 619), (809, 619), (809, 398)]","{'Width': 42, 'Height': 221, 'Left': 809, 'Top': 398}","(1000.0, 0.0, 1000.0, -0.0)",42.0,221.0,vertical,"(830.0, 508.5)","(0, 0)",809,398,1
GUIDE,100,"[(851, 633), (851, 716), (809, 716), (809, 633)]","{'Width': 42, 'Height': 83, 'Left': 809, 'Top': 633}","(1000.0, 0.0, 1000.0, -0.0)",42.0,83.0,vertical,"(830.0, 674.5)","(0, 0)",809,633,1
TO,100,"[(851, 723), (851, 757), (809, 757), (809, 723)]","{'Width': 42, 'Height': 34, 'Left': 809, 'Top': 723}","(1000.0, 0.0, 1000.0, -0.0)",42.0,34.0,vertical,"(830.0, 740.0)","(0, 0)",809,723,1
WEAPONS,100,"[(851, 771), (851, 998), (809, 998), (809, 771)]","{'Width': 42, 'Height': 227, 'Left': 809, 'Top': 771}","(1000.0, 0.0, 1000.0, -0.0)",42.0,227.0,vertical,"(830.0, 884.5)","(0, 0)",809,771,1
SOBIECK,100,"[(839, 1058), (839, 1139), (821, 1139), (821, 1058)]","{'Width': 18, 'Height': 81, 'Left': 821, 'Top': 1058}","(1000.0, 0.0, 1000.0, -0.0)",18.0,81.0,vertical,"(830.0, 1098.5)","(0, 0)",821,1058,1
808.3,100,"[(888, 1170), (946, 1172), (945, 1187), (887, 1185)]","{'Width': 59, 'Height': 17, 'Left': 887, 'Top': 1170}","(-0.034, 15.0, -0.034, 15.0)",15.03329638,58.03447251,horizontal,"(916.5, 1178.5)","(0, 0)",887,1170,0
TRU,100,"[(888, 1194), (922, 1196), (921, 1209), (887, 1208)]","{'Width': 35, 'Height': 15, 'Left': 887, 'Top': 1194}","(-0.059, 13.0, -0.029, 14.0)",13.53703683,34.03673772,horizontal,"(904.5, 1201.75)","(0, 0)",887,1194,0
TRUBY,100,"[(963, 1056), (962, 1167), (939, 1167), (940, 1056)]","{'Width': 24, 'Height': 111, 'Left': 939, 'Top': 1056}","(111.0, 0.0, 111.0, -0.0)",23.0,111.0045044,vertical,"(951.0, 1111.5)","(0, 0)",939,1056,1
THE,100,"[(963, 391), (963, 459), (940, 459), (940, 391)]","{'Width': 23, 'Height': 68, 'Left': 940, 'Top': 391}","(1000.0, 0.0, 1000.0, -0.0)",23.0,68.0,vertical,"(951.5, 425.0)","(0, 0)",940,391,1
ANATOMY,100,"[(963, 474), (963, 654), (940, 654), (940, 474)]","{'Width': 23, 'Height': 180, 'Left': 940, 'Top': 474}","(1000.0, 0.0, 1000.0, -0.0)",23.0,180.0,vertical,"(951.5, 564.0)","(0, 0)",940,474,1
OF,100,"[(963, 667), (963, 712), (940, 712), (940, 667)]","{'Width': 23, 'Height': 45, 'Left': 940, 'Top': 667}","(1000.0, 0.0, 1000.0, -0.0)",23.0,45.0,vertical,"(951.5, 689.5)","(0, 0)",940,667,1
GENRES,100,"[(963, 726), (963, 859), (940, 859), (940, 726)]","{'Width': 23, 'Height': 133, 'Left': 940, 'Top': 726}","(1000.0, 0.0, 1000.0, -0.0)",23.0,133.0,vertical,"(951.5, 792.5)","(0, 0)",940,726,1
JOHN,100,"[(963, 946), (962, 1039), (940, 1039), (941, 946)]","{'Width': 23, 'Height': 93, 'Left': 940, 'Top': 946}","(93.0, 0.0, 93.0, -0.0)",22.0,93.00537619,vertical,"(951.5, 992.5)","(0, 0)",940,946,1
808.3,100,"[(1033, 1178), (1092, 1178), (1092, 1192), (1033, 1192)]","{'Width': 59, 'Height': 14, 'Left': 1033, 'Top': 1178}","(-0.0, 1000.0, 0.0, 1000.0)",14.0,59.0,horizontal,"(1062.5, 1185.0)","(0, 0)",1033,1178,0
IHM,100,"[(1069, 1215), (1033, 1214), (1033, 1202), (1069, 1203)]","{'Width': 36, 'Height': 13, 'Left': 1033, 'Top': 1202}","(-0.028, 1000.0, -0.028, 1000.0)",12.0,36.01388621,horizontal,"(1051.0, 1208.5)","(0, 0)",1033,1202,0
WHITE,100,"[(1092, 1053), (1091, 1156), (1056, 1156), (1057, 1053)]","{'Width': 36, 'Height': 103, 'Left': 1056, 'Top': 1053}","(103.0, 0.0, 103.0, -0.0)",35.0,103.0048543,vertical,"(1074.0, 1104.5)","(0, 0)",1056,1053,1
THESAURUS,100,"[(1094, 752), (1092, 1025), (1058, 1025), (1060, 752)]","{'Width': 36, 'Height': 273, 'Left': 1058, 'Top': 752}","(136.5, 0.0, 136.5, -0.0)",34.0,273.0073259,vertical,"(1076.0, 888.5)","(0, 0)",1058,752,1
WRITER'S,100,"[(1097, 407), (1095, 624), (1060, 624), (1062, 407)]","{'Width': 37, 'Height': 217, 'Left': 1060, 'Top': 407}","(108.5, 0.0, 108.5, -0.0)",35.0,217.0092164,vertical,"(1078.5, 515.5)","(0, 0)",1060,407,1
IDEA,100,"[(1095, 636), (1094, 739), (1060, 739), (1061, 636)]","{'Width': 35, 'Height': 103, 'Left': 1060, 'Top': 636}","(103.0, 0.0, 103.0, -0.0)",34.0,103.0048543,vertical,"(1077.5, 687.5)","(0, 0)",1060,636,1
THE,100,"[(1097, 304), (1096, 392), (1062, 392), (1063, 304)]","{'Width': 35, 'Height': 88, 'Left': 1062, 'Top': 304}","(88.0, 0.0, 88.0, -0.0)",34.0,88.00568163,vertical,"(1079.5, 348.0)","(0, 0)",1062,304,1
WOO,100,"[(1129, 1214), (1164, 1214), (1164, 1226), (1129, 1226)]","{'Width': 35, 'Height': 12, 'Left': 1129, 'Top': 1214}","(-0.0, 1000.0, 0.0, 1000.0)",12.0,35.0,horizontal,"(1146.5, 1220.0)","(0, 0)",1129,1214,0
808.3,100,"[(1130, 1191), (1188, 1191), (1188, 1202), (1130, 1202)]","{'Width': 58, 'Height': 11, 'Left': 1130, 'Top': 1191}","(-0.0, 1000.0, 0.0, 1000.0)",11.0,58.0,horizontal,"(1159.0, 1196.5)","(0, 0)",1130,1191,0
How,100,"[(1191, 521), (1191, 607), (1149, 607), (1149, 521)]","{'Width': 42, 'Height': 86, 'Left': 1149, 'Top': 521}","(1000.0, 0.0, 1000.0, -0.0)",42.0,86.0,vertical,"(1170.0, 564.0)","(0, 0)",1149,521,1
Fiction,100,"[(1191, 622), (1191, 751), (1149, 751), (1149, 622)]","{'Width': 42, 'Height': 129, 'Left': 1149, 'Top': 622}","(1000.0, 0.0, 1000.0, -0.0)",42.0,129.0,vertical,"(1170.0, 686.5)","(0, 0)",1149,622,1
Works,100,"[(1191, 764), (1191, 883), (1149, 883), (1149, 764)]","{'Width': 42, 'Height': 119, 'Left': 1149, 'Top': 764}","(1000.0, 0.0, 1000.0, -0.0)",42.0,119.0,vertical,"(1170.0, 823.5)","(0, 0)",1149,764,1
JAMES,100,"[(1179, 1030), (1180, 1129), (1156, 1129), (1155, 1030)]","{'Width': 25, 'Height': 99, 'Left': 1155, 'Top': 1030}","(-99.0, 0.0, -99.0, -0.0)",24.0,99.00505038,vertical,"(1167.5, 1079.5)","(0, 0)",1155,1030,1
WO,100,"[(1180, 1143), (1181, 1188), (1158, 1188), (1157, 1143)]","{'Width': 24, 'Height': 45, 'Left': 1157, 'Top': 1143}","(-45.0, 0.0, -45.0, -0.0)",23.0,45.01110974,vertical,"(1169.0, 1165.5)","(0, 0)",1157,1143,1
37131,100,"[(1160, 351), (1185, 355), (1182, 371), (1158, 367)]","{'Width': 27, 'Height': 20, 'Left': 1158, 'Top': 351}","(-0.16, 5.333, -0.167, 8.0)",16.20166805,24.82451396,horizontal,"(1171.25, 361.0)","(0, 0)",1158,351,0
ONTO,100,"[(1171, 294), (1188, 298), (1185, 311), (1168, 307)]","{'Width': 20, 'Height': 17, 'Left': 1168, 'Top': 294}","(-0.235, 4.333, -0.235, 4.333)",13.34166406,17.4642492,horizontal,"(1178.0, 302.5)","(0, 0)",1168,294,0
K,100,"[(1171, 374), (1179, 375), (1177, 392), (1169, 391)]","{'Width': 10, 'Height': 18, 'Left': 1169, 'Top': 374}","(-0.125, 8.5, -0.125, 8.5)",17.11724277,8.062257748,horizontal,"(1174.0, 383.0)","(0, 0)",1169,374,0
Parkdale,100,"[(1181, 374), (1226, 379), (1223, 397), (1179, 392)]","{'Width': 47, 'Height': 23, 'Left': 1179, 'Top': 374}","(-0.111, 6.0, -0.114, 9.0)",18.17952893,44.78005267,horizontal,"(1202.25, 385.5)","(0, 0)",1179,374,0
168,100,"[(1184, 355), (1200, 357), (1197, 373), (1182, 371)]","{'Width': 18, 'Height': 18, 'Left': 1182, 'Top': 355}","(-0.125, 5.333, -0.133, 8.0)",16.20166805,15.62863072,horizontal,"(1190.75, 364.0)","(0, 0)",1182,355,0
PUBLIC,100,"[(1189, 298), (1208, 303), (1206, 315), (1186, 311)]","{'Width': 22, 'Height': 17, 'Left': 1186, 'Top': 298}","(-0.263, 6.0, -0.2, 4.333)",12.75359456,20.02148038,horizontal,"(1197.25, 306.75)","(0, 0)",1186,298,0
103,100,"[(1200, 358), (1215, 360), (1213, 375), (1198, 373)]","{'Width': 17, 'Height': 17, 'Left': 1198, 'Top': 358}","(-0.133, 7.5, -0.133, 7.5)",15.13274595,15.13274595,horizontal,"(1206.5, 366.5)","(0, 0)",1198,358,0
LARY,100,"[(1208, 303), (1230, 308), (1228, 320), (1205, 315)]","{'Width': 25, 'Height': 17, 'Left': 1205, 'Top': 303}","(-0.227, 6.0, -0.217, 4.0)",12.26742097,23.04911647,horizontal,"(1217.75, 311.5)","(0, 0)",1205,303,0
356,100,"[(1212, 359), (1227, 361), (1224, 377), (1210, 375)]","{'Width': 17, 'Height': 18, 'Left': 1210, 'Top': 359}","(-0.133, 5.333, -0.143, 8.0)",16.20166805,14.63744079,horizontal,"(1218.25, 368.0)","(0, 0)",1210,359,0
SEG,100,"[(1236, 1211), (1271, 1211), (1271, 1223), (1236, 1223)]","{'Width': 35, 'Height': 12, 'Left': 1236, 'Top': 1211}","(-0.0, 1000.0, 0.0, 1000.0)",12.0,35.0,horizontal,"(1253.5, 1217.0)","(0, 0)",1236,1211,0
808.3808.5808,100,"[(1237, 1187), (1405, 1184), (1405, 1204), (1237, 1207)]","{'Width': 168, 'Height': 23, 'Left': 1237, 'Top': 1184}","(0.018, 1000.0, 0.018, 1000.0)",20.0,168.0267836,horizontal,"(1321.0, 1195.5)","(0, 0)",1237,1184,0
Seger,100,"[(1280, 392), (1281, 444), (1247, 444), (1246, 392)]","{'Width': 35, 'Height': 52, 'Left': 1246, 'Top': 392}","(-52.0, 0.0, -52.0, -0.0)",34.0,52.0096145,vertical,"(1263.5, 418.0)","(0, 0)",1246,392,1
|,100,"[(1280, 444), (1280, 456), (1246, 456), (1246, 444)]","{'Width': 34, 'Height': 12, 'Left': 1246, 'Top': 444}","(1000.0, 0.0, 1000.0, -0.0)",34.0,12.0,vertical,"(1263.0, 450.0)","(0, 0)",1246,444,1
Rainey,100,"[(1281, 454), (1282, 515), (1247, 515), (1246, 454)]","{'Width': 36, 'Height': 61, 'Left': 1246, 'Top': 454}","(-61.0, 0.0, -61.0, -0.0)",35.0,61.00819617,vertical,"(1264.0, 484.5)","(0, 0)",1246,454,1
You,100,"[(1281, 547), (1282, 636), (1248, 636), (1247, 547)]","{'Width': 35, 'Height': 89, 'Left': 1247, 'Top': 547}","(-89.0, 0.0, -89.0, -0.0)",34.0,89.0056178,vertical,"(1264.5, 591.5)","(0, 0)",1247,547,1
talkin,100,"[(1282, 651), (1283, 784), (1249, 784), (1248, 651)]","{'Width': 35, 'Height': 133, 'Left': 1248, 'Top': 651}","(-133.0, 0.0, -133.0, -0.0)",34.0,133.0037593,vertical,"(1265.5, 717.5)","(0, 0)",1248,651,1
',100,"[(1284, 784), (1284, 799), (1250, 799), (1250, 784)]","{'Width': 34, 'Height': 15, 'Left': 1250, 'Top': 784}","(1000.0, 0.0, 1000.0, -0.0)",34.0,15.0,vertical,"(1267.0, 791.5)","(0, 0)",1250,784,1
to,100,"[(1284, 812), (1285, 860), (1251, 860), (1250, 812)]","{'Width': 35, 'Height': 48, 'Left': 1250, 'Top': 812}","(-48.0, 0.0, -48.0, -0.0)",34.0,48.01041554,vertical,"(1267.5, 836.0)","(0, 0)",1250,812,1
me,100,"[(1285, 872), (1286, 948), (1252, 948), (1251, 872)]","{'Width': 35, 'Height': 76, 'Left': 1251, 'Top': 872}","(-76.0, 0.0, -76.0, -0.0)",34.0,76.00657866,vertical,"(1268.5, 910.0)","(0, 0)",1251,872,1
?,100,"[(1285, 943), (1285, 968), (1251, 968), (1251, 943)]","{'Width': 34, 'Height': 25, 'Left': 1251, 'Top': 943}","(1000.0, 0.0, 1000.0, -0.0)",34.0,25.0,vertical,"(1268.0, 955.5)","(0, 0)",1251,943,1
How,100,"[(1271, 1008), (1271, 1041), (1260, 1041), (1260, 1008)]","{'Width': 11, 'Height': 33, 'Left': 1260, 'Top': 1008}","(1000.0, 0.0, 1000.0, -0.0)",11.0,33.0,vertical,"(1265.5, 1024.5)","(0, 0)",1260,1008,1
to,100,"[(1271, 1046), (1271, 1062), (1260, 1062), (1260, 1046)]","{'Width': 11, 'Height': 16, 'Left': 1260, 'Top': 1046}","(1000.0, 0.0, 1000.0, -0.0)",11.0,16.0,vertical,"(1265.5, 1054.0)","(0, 0)",1260,1046,1
Write,100,"[(1271, 1067), (1271, 1113), (1260, 1113), (1260, 1067)]","{'Width': 11, 'Height': 46, 'Left': 1260, 'Top': 1067}","(1000.0, 0.0, 1000.0, -0.0)",11.0,46.0,vertical,"(1265.5, 1090.0)","(0, 0)",1260,1067,1
Great,100,"[(1271, 1116), (1271, 1162), (1260, 1162), (1260, 1116)]","{'Width': 11, 'Height': 46, 'Left': 1260, 'Top': 1116}","(1000.0, 0.0, 1000.0, -0.0)",11.0,46.0,vertical,"(1265.5, 1139.0)","(0, 0)",1260,1116,1
D,100,"[(1271, 1165), (1271, 1177), (1260, 1177), (1260, 1165)]","{'Width': 11, 'Height': 12, 'Left': 1260, 'Top': 1165}","(1000.0, 0.0, 1000.0, -0.0)",11.0,12.0,vertical,"(1265.5, 1171.0)","(0, 0)",1260,1165,1
COM,100,"[(1303, 1215), (1341, 1215), (1341, 1229), (1303, 1229)]","{'Width': 38, 'Height': 14, 'Left': 1303, 'Top': 1215}","(-0.0, 1000.0, 0.0, 1000.0)",14.0,38.0,horizontal,"(1322.0, 1222.0)","(0, 0)",1303,1215,0
THE,100,"[(1347, 276), (1347, 339), (1322, 339), (1322, 276)]","{'Width': 25, 'Height': 63, 'Left': 1322, 'Top': 276}","(1000.0, 0.0, 1000.0, -0.0)",25.0,63.0,vertical,"(1334.5, 307.5)","(0, 0)",1322,276,1
COMPLETE,100,"[(1347, 363), (1347, 552), (1322, 552), (1322, 363)]","{'Width': 25, 'Height': 189, 'Left': 1322, 'Top': 363}","(1000.0, 0.0, 1000.0, -0.0)",25.0,189.0,vertical,"(1334.5, 457.5)","(0, 0)",1322,363,1
VOICE,100,"[(1347, 575), (1347, 681), (1322, 681), (1322, 575)]","{'Width': 25, 'Height': 106, 'Left': 1322, 'Top': 575}","(1000.0, 0.0, 1000.0, -0.0)",25.0,106.0,vertical,"(1334.5, 628.0)","(0, 0)",1322,575,1
&,100,"[(1347, 704), (1347, 725), (1322, 725), (1322, 704)]","{'Width': 25, 'Height': 21, 'Left': 1322, 'Top': 704}","(1000.0, 0.0, 1000.0, -0.0)",25.0,21.0,vertical,"(1334.5, 714.5)","(0, 0)",1322,704,1
SPEECH,100,"[(1347, 749), (1347, 887), (1322, 887), (1322, 749)]","{'Width': 25, 'Height': 138, 'Left': 1322, 'Top': 749}","(1000.0, 0.0, 1000.0, -0.0)",25.0,138.0,vertical,"(1334.5, 818.0)","(0, 0)",1322,749,1
WORKOUT,100,"[(1347, 909), (1347, 1076), (1322, 1076), (1322, 909)]","{'Width': 25, 'Height': 167, 'Left': 1322, 'Top': 909}","(1000.0, 0.0, 1000.0, -0.0)",25.0,167.0,vertical,"(1334.5, 992.5)","(0, 0)",1322,909,1
RODGERS,100,"[(1342, 118), (1342, 207), (1325, 207), (1325, 118)]","{'Width': 17, 'Height': 89, 'Left': 1325, 'Top': 118}","(1000.0, 0.0, 1000.0, -0.0)",17.0,89.0,vertical,"(1333.5, 162.5)","(0, 0)",1325,118,1
HAN,100,"[(1369, 1206), (1406, 1205), (1406, 1219), (1369, 1220)]","{'Width': 37, 'Height': 15, 'Left': 1369, 'Top': 1205}","(0.027, 1000.0, 0.027, 1000.0)",14.0,37.01351105,horizontal,"(1387.5, 1212.5)","(0, 0)",1369,1205,0
Hanley,100,"[(1408, 929), (1406, 980), (1388, 979), (1390, 928)]","{'Width': 20, 'Height': 52, 'Left': 1388, 'Top': 928}","(25.5, -0.056, 25.5, -0.056)",18.02775638,51.03920062,vertical,"(1398.0, 954.0)","(0, 0)",1388,928,1
Victoria,100,"[(1410, 868), (1408, 926), (1390, 925), (1392, 867)]","{'Width': 20, 'Height': 59, 'Left': 1390, 'Top': 867}","(29.0, -0.056, 29.0, -0.056)",18.02775638,58.03447251,vertical,"(1400.0, 896.5)","(0, 0)",1390,867,1
COTTONWO,100,"[(1403, 1082), (1401, 1180), (1390, 1180), (1392, 1082)]","{'Width': 13, 'Height': 98, 'Left': 1390, 'Top': 1082}","(49.0, 0.0, 49.0, -0.0)",11.0,98.02040604,vertical,"(1396.5, 1131.0)","(0, 0)",1390,1082,1
Story,100,"[(1415, 344), (1414, 397), (1393, 396), (1394, 344)]","{'Width': 22, 'Height': 53, 'Left': 1393, 'Top': 344}","(53.0, -0.048, 52.0, -0.0)",21.01189802,52.50952381,vertical,"(1404.0, 370.25)","(0, 0)",1393,344,1
the,100,"[(1415, 310), (1414, 342), (1394, 342), (1395, 310)]","{'Width': 21, 'Height': 32, 'Left': 1394, 'Top': 310}","(32.0, 0.0, 32.0, -0.0)",20.0,32.01562119,vertical,"(1404.5, 326.0)","(0, 0)",1394,310,1
Seize,100,"[(1417, 258), (1416, 306), (1395, 305), (1396, 258)]","{'Width': 22, 'Height': 48, 'Left': 1395, 'Top': 258}","(48.0, -0.048, 47.0, -0.0)",21.01189802,47.51052632,vertical,"(1406.0, 281.75)","(0, 0)",1395,258,1
Like,100,"[(1411, 684), (1411, 716), (1395, 716), (1395, 684)]","{'Width': 16, 'Height': 32, 'Left': 1395, 'Top': 684}","(1000.0, 0.0, 1000.0, -0.0)",16.0,32.0,vertical,"(1403.0, 700.0)","(0, 0)",1395,684,1
to,100,"[(1410, 719), (1410, 734), (1395, 734), (1395, 719)]","{'Width': 15, 'Height': 15, 'Left': 1395, 'Top': 719}","(1000.0, 0.0, 1000.0, -0.0)",15.0,15.0,vertical,"(1402.5, 726.5)","(0, 0)",1395,719,1
Write,100,"[(1410, 738), (1410, 781), (1395, 781), (1395, 738)]","{'Width': 15, 'Height': 43, 'Left': 1395, 'Top': 738}","(1000.0, 0.0, 1000.0, -0.0)",15.0,43.0,vertical,"(1402.5, 759.5)","(0, 0)",1395,738,1
A,100,"[(1411, 472), (1411, 485), (1396, 485), (1396, 472)]","{'Width': 15, 'Height': 13, 'Left': 1396, 'Top': 472}","(1000.0, 0.0, 1000.0, -0.0)",15.0,13.0,vertical,"(1403.5, 478.5)","(0, 0)",1396,472,1
Handbook,100,"[(1411, 489), (1411, 567), (1396, 567), (1396, 489)]","{'Width': 15, 'Height': 78, 'Left': 1396, 'Top': 489}","(1000.0, 0.0, 1000.0, -0.0)",15.0,78.0,vertical,"(1403.5, 528.0)","(0, 0)",1396,489,1
for,100,"[(1411, 571), (1411, 594), (1396, 594), (1396, 571)]","{'Width': 15, 'Height': 23, 'Left': 1396, 'Top': 571}","(1000.0, 0.0, 1000.0, -0.0)",15.0,23.0,vertical,"(1403.5, 582.5)","(0, 0)",1396,571,1
Teens,100,"[(1411, 597), (1411, 638), (1396, 638), (1396, 597)]","{'Width': 15, 'Height': 41, 'Left': 1396, 'Top': 597}","(1000.0, 0.0, 1000.0, -0.0)",15.0,41.0,vertical,"(1403.5, 617.5)","(0, 0)",1396,597,1
Who,100,"[(1411, 642), (1411, 679), (1396, 679), (1396, 642)]","{'Width': 15, 'Height': 37, 'Left': 1396, 'Top': 642}","(1000.0, 0.0, 1000.0, -0.0)",15.0,37.0,vertical,"(1403.5, 660.5)","(0, 0)",1396,642,1
.,100,"[(1407, 1184), (1416, 1184), (1416, 1203), (1407, 1203)]","{'Width': 9, 'Height': 19, 'Left': 1407, 'Top': 1184}","(-0.0, 1000.0, 0.0, 1000.0)",19.0,9.0,horizontal,"(1411.5, 1193.5)","(0, 0)",1407,1184,0
808.3,100,"[(1446, 1195), (1491, 1195), (1491, 1212), (1446, 1212)]","{'Width': 45, 'Height': 17, 'Left': 1446, 'Top': 1195}","(-0.0, 1000.0, 0.0, 1000.0)",17.0,45.0,horizontal,"(1468.5, 1203.5)","(0, 0)",1446,1195,0
CAR,100,"[(1447, 1218), (1490, 1218), (1490, 1233), (1447, 1233)]","{'Width': 43, 'Height': 15, 'Left': 1447, 'Top': 1218}","(-0.0, 1000.0, 0.0, 1000.0)",15.0,43.0,horizontal,"(1468.5, 1225.5)","(0, 0)",1447,1218,0
FANTASY,100,"[(1486, 833), (1486, 1005), (1454, 1005), (1454, 833)]","{'Width': 32, 'Height': 172, 'Left': 1454, 'Top': 833}","(1000.0, 0.0, 1000.0, -0.0)",32.0,172.0,vertical,"(1470.0, 919.0)","(0, 0)",1454,833,1
HOW,100,"[(1486, 298), (1486, 352), (1455, 352), (1455, 298)]","{'Width': 31, 'Height': 54, 'Left': 1455, 'Top': 298}","(1000.0, 0.0, 1000.0, -0.0)",31.0,54.0,vertical,"(1470.5, 325.0)","(0, 0)",1455,298,1
TO,100,"[(1486, 356), (1486, 385), (1455, 385), (1455, 356)]","{'Width': 31, 'Height': 29, 'Left': 1455, 'Top': 356}","(1000.0, 0.0, 1000.0, -0.0)",31.0,29.0,vertical,"(1470.5, 370.5)","(0, 0)",1455,356,1
WRITE,100,"[(1486, 390), (1486, 454), (1455, 454), (1455, 390)]","{'Width': 31, 'Height': 64, 'Left': 1455, 'Top': 390}","(1000.0, 0.0, 1000.0, -0.0)",31.0,64.0,vertical,"(1470.5, 422.0)","(0, 0)",1455,390,1
SCIENCE,100,"[(1486, 460), (1486, 624), (1455, 624), (1455, 460)]","{'Width': 31, 'Height': 164, 'Left': 1455, 'Top': 460}","(1000.0, 0.0, 1000.0, -0.0)",31.0,164.0,vertical,"(1470.5, 542.0)","(0, 0)",1455,460,1
FICTION,100,"[(1486, 632), (1486, 791), (1455, 791), (1455, 632)]","{'Width': 31, 'Height': 159, 'Left': 1455, 'Top': 632}","(1000.0, 0.0, 1000.0, -0.0)",31.0,159.0,vertical,"(1470.5, 711.5)","(0, 0)",1455,632,1
&,100,"[(1486, 800), (1486, 823), (1455, 823), (1455, 800)]","{'Width': 31, 'Height': 23, 'Left': 1455, 'Top': 800}","(1000.0, 0.0, 1000.0, -0.0)",31.0,23.0,vertical,"(1470.5, 811.5)","(0, 0)",1455,800,1
Card,100,"[(1480, 1046), (1482, 1097), (1462, 1098), (1460, 1047)]","{'Width': 22, 'Height': 52, 'Left': 1460, 'Top': 1046}","(-25.5, 0.05, -25.5, 0.05)",20.02498439,51.03920062,vertical,"(1471.0, 1072.0)","(0, 0)",1460,1046,1
SCHMIDT,100,"[(1496, 1150), (1580, 1151), (1580, 1167), (1496, 1166)]","{'Width': 84, 'Height': 17, 'Left': 1496, 'Top': 1150}","(-0.012, 1000.0, -0.012, 1000.0)",16.0,84.00595217,horizontal,"(1538.0, 1158.5)","(0, 0)",1496,1150,1
SCH,100,"[(1500, 1195), (1534, 1195), (1534, 1212), (1500, 1212)]","{'Width': 34, 'Height': 17, 'Left': 1500, 'Top': 1195}","(-0.0, 1000.0, 0.0, 1000.0)",17.0,34.0,horizontal,"(1517.0, 1203.5)","(0, 0)",1500,1195,0
808.397808.5,100,"[(1502, 1173), (1645, 1178), (1644, 1195), (1501, 1190)]","{'Width': 144, 'Height': 22, 'Left': 1501, 'Top': 1173}","(-0.035, 17.0, -0.035, 17.0)",17.02938637,143.0873859,horizontal,"(1573.0, 1184.0)","(0, 0)",1501,1173,0
CHARACTERS,100,"[(1523, 960), (1522, 1046), (1511, 1046), (1512, 960)]","{'Width': 12, 'Height': 86, 'Left': 1511, 'Top': 960}","(86.0, 0.0, 86.0, -0.0)",11.0,86.00581376,vertical,"(1517.0, 1003.0)","(0, 0)",1511,960,1
ORIGINAL,100,"[(1524, 895), (1523, 957), (1512, 957), (1513, 895)]","{'Width': 12, 'Height': 62, 'Left': 1512, 'Top': 895}","(62.0, 0.0, 62.0, -0.0)",11.0,62.00806399,vertical,"(1518.0, 926.0)","(0, 0)",1512,895,1
CHARACTERS,100,"[(1567, 637), (1566, 885), (1514, 885), (1515, 637)]","{'Width': 53, 'Height': 248, 'Left': 1514, 'Top': 637}","(248.0, 0.0, 248.0, -0.0)",52.0,248.0020161,vertical,"(1540.5, 761.0)","(0, 0)",1514,637,1
MASTER,100,"[(1567, 455), (1566, 622), (1515, 622), (1516, 455)]","{'Width': 52, 'Height': 167, 'Left': 1515, 'Top': 455}","(167.0, 0.0, 167.0, -0.0)",51.0,167.002994,vertical,"(1541.0, 538.5)","(0, 0)",1515,455,1
45,100,"[(1567, 361), (1567, 446), (1516, 446), (1516, 361)]","{'Width': 51, 'Height': 85, 'Left': 1516, 'Top': 361}","(1000.0, 0.0, 1000.0, -0.0)",51.0,85.0,vertical,"(1541.5, 403.5)","(0, 0)",1516,361,0
CREATING,100,"[(1541, 924), (1540, 988), (1529, 988), (1530, 924)]","{'Width': 12, 'Height': 64, 'Left': 1529, 'Top': 924}","(64.0, 0.0, 64.0, -0.0)",11.0,64.00781202,vertical,"(1535.0, 956.0)","(0, 0)",1529,924,1
FOR,100,"[(1542, 896), (1542, 920), (1530, 920), (1530, 896)]","{'Width': 12, 'Height': 24, 'Left': 1530, 'Top': 896}","(1000.0, 0.0, 1000.0, -0.0)",12.0,24.0,vertical,"(1536.0, 908.0)","(0, 0)",1530,896,1
MODELS,100,"[(1559, 949), (1558, 1001), (1547, 1001), (1548, 949)]","{'Width': 12, 'Height': 52, 'Left': 1547, 'Top': 949}","(52.0, 0.0, 52.0, -0.0)",11.0,52.0096145,vertical,"(1553.0, 975.0)","(0, 0)",1547,949,1
MYTHIC,100,"[(1560, 896), (1559, 945), (1548, 945), (1549, 896)]","{'Width': 12, 'Height': 49, 'Left': 1548, 'Top': 896}","(49.0, 0.0, 49.0, -0.0)",11.0,49.01020302,vertical,"(1554.0, 920.5)","(0, 0)",1548,896,1
HBR,100,"[(1588, 1203), (1622, 1203), (1622, 1215), (1588, 1215)]","{'Width': 34, 'Height': 12, 'Left': 1588, 'Top': 1203}","(-0.0, 1000.0, 0.0, 1000.0)",12.0,34.0,horizontal,"(1605.0, 1209.0)","(0, 0)",1588,1203,0
Presenting,100,"[(1637, 892), (1634, 1104), (1593, 1103), (1596, 891)]","{'Width': 44, 'Height': 213, 'Left': 1593, 'Top': 891}","(70.667, -0.024, 70.667, -0.024)",41.01219331,212.0212254,vertical,"(1615.0, 997.5)","(0, 0)",1593,891,1
Speaking,100,"[(1641, 620), (1638, 801), (1597, 800), (1600, 619)]","{'Width': 44, 'Height': 182, 'Left': 1597, 'Top': 619}","(60.333, -0.024, 60.333, -0.024)",41.01219331,181.0248602,vertical,"(1619.0, 710.0)","(0, 0)",1597,619,1
and,100,"[(1638, 810), (1637, 883), (1597, 882), (1598, 809)]","{'Width': 41, 'Height': 74, 'Left': 1597, 'Top': 809}","(73.0, -0.025, 73.0, -0.025)",40.01249805,73.00684899,vertical,"(1617.5, 846.0)","(0, 0)",1597,809,1
Public,100,"[(1643, 487), (1641, 611), (1600, 610), (1602, 486)]","{'Width': 43, 'Height': 125, 'Left': 1600, 'Top': 486}","(62.0, -0.024, 62.0, -0.024)",41.01219331,124.016128,vertical,"(1621.5, 548.5)","(0, 0)",1600,486,1
LIN,100,"[(1653, 1201), (1684, 1201), (1684, 1213), (1653, 1213)]","{'Width': 31, 'Height': 12, 'Left': 1653, 'Top': 1201}","(-0.0, 1000.0, 0.0, 1000.0)",12.0,31.0,horizontal,"(1668.5, 1207.0)","(0, 0)",1653,1201,0
808.5,100,"[(1655, 1179), (1704, 1181), (1703, 1198), (1654, 1196)]","{'Width': 50, 'Height': 19, 'Left': 1654, 'Top': 1179}","(-0.041, 17.0, -0.041, 17.0)",17.02938637,49.04079934,horizontal,"(1679.0, 1188.5)","(0, 0)",1654,1179,0
Ker,100,"[(1706, 964), (1705, 1046), (1659, 1045), (1660, 963)]","{'Width': 47, 'Height': 83, 'Left': 1659, 'Top': 963}","(82.0, -0.022, 82.0, -0.022)",46.01086828,82.00609733,vertical,"(1682.5, 1004.5)","(0, 0)",1659,963,0
VOICE,100,"[(1709, 815), (1707, 950), (1660, 949), (1662, 814)]","{'Width': 49, 'Height': 136, 'Left': 1660, 'Top': 814}","(67.5, -0.021, 67.5, -0.021)",47.01063709,135.014814,vertical,"(1684.5, 882.0)","(0, 0)",1660,814,1
NATURAL,100,"[(1712, 596), (1709, 796), (1662, 795), (1665, 595)]","{'Width': 50, 'Height': 201, 'Left': 1662, 'Top': 595}","(66.667, -0.021, 66.667, -0.021)",47.01063709,200.0224987,vertical,"(1687.0, 695.5)","(0, 0)",1662,595,1
THE,100,"[(1714, 491), (1713, 575), (1666, 574), (1667, 490)]","{'Width': 48, 'Height': 85, 'Left': 1666, 'Top': 490}","(84.0, -0.021, 84.0, -0.021)",47.01063709,84.00595217,vertical,"(1690.0, 532.5)","(0, 0)",1666,490,1
FREEING,100,"[(1717, 293), (1714, 476), (1667, 475), (1670, 292)]","{'Width': 50, 'Height': 184, 'Left': 1667, 'Top': 292}","(61.0, -0.021, 61.0, -0.021)",47.01063709,183.0245885,vertical,"(1692.0, 384.0)","(0, 0)",1667,292,1
AND,100,"[(1724, 1218), (1759, 1218), (1759, 1229), (1724, 1229)]","{'Width': 35, 'Height': 11, 'Left': 1724, 'Top': 1218}","(-0.0, 1000.0, 0.0, 1000.0)",11.0,35.0,horizontal,"(1741.5, 1223.5)","(0, 0)",1724,1218,0
NEW,100,"[(1726, 1173), (1761, 1173), (1761, 1185), (1726, 1185)]","{'Width': 35, 'Height': 12, 'Left': 1726, 'Top': 1173}","(-0.0, 1000.0, 0.0, 1000.0)",12.0,35.0,horizontal,"(1743.5, 1179.0)","(0, 0)",1726,1173,0
808.51,100,"[(1726, 1193), (1795, 1194), (1795, 1208), (1726, 1207)]","{'Width': 69, 'Height': 15, 'Left': 1726, 'Top': 1193}","(-0.014, 1000.0, -0.014, 1000.0)",14.0,69.007246,horizontal,"(1760.5, 1200.5)","(0, 0)",1726,1193,0
TALKS,100,"[(1814, 611), (1811, 899), (1732, 898), (1735, 610)]","{'Width': 82, 'Height': 289, 'Left': 1732, 'Top': 610}","(96.0, -0.013, 96.0, -0.013)",79.00632886,288.0156246,vertical,"(1773.0, 754.5)","(0, 0)",1732,610,1
TED,100,"[(1817, 360), (1815, 592), (1736, 591), (1738, 359)]","{'Width': 81, 'Height': 233, 'Left': 1736, 'Top': 359}","(116.0, -0.013, 116.0, -0.013)",79.00632886,232.0086205,vertical,"(1776.5, 475.5)","(0, 0)",1736,359,1
ANDERSON,100,"[(1781, 1018), (1779, 1166), (1756, 1166), (1758, 1018)]","{'Width': 25, 'Height': 148, 'Left': 1756, 'Top': 1018}","(74.0, 0.0, 74.0, -0.0)",23.0,148.0135129,vertical,"(1768.5, 1092.0)","(0, 0)",1756,1018,1
CHRIS,100,"[(1782, 926), (1781, 1013), (1758, 1013), (1759, 926)]","{'Width': 24, 'Height': 87, 'Left': 1758, 'Top': 926}","(87.0, 0.0, 87.0, -0.0)",23.0,87.00574694,vertical,"(1770.0, 969.5)","(0, 0)",1758,926,1
MAY,100,"[(1771, 1173), (1807, 1173), (1807, 1185), (1771, 1185)]","{'Width': 36, 'Height': 12, 'Left': 1771, 'Top': 1173}","(-0.0, 1000.0, 0.0, 1000.0)",12.0,36.0,horizontal,"(1789.0, 1179.0)","(0, 0)",1771,1173,0
HUGH,100,"[(1875, 1125), (1873, 1179), (1827, 1177), (1829, 1123)]","{'Width': 48, 'Height': 56, 'Left': 1827, 'Top': 1123}","(27.0, -0.043, 27.0, -0.043)",46.04345773,54.03702434,vertical,"(1851.0, 1151.0)","(0, 0)",1827,1123,1
LLOYD,100,"[(1878, 1064), (1875, 1125), (1829, 1123), (1832, 1062)]","{'Width': 49, 'Height': 63, 'Left': 1829, 'Top': 1062}","(20.333, -0.043, 20.333, -0.043)",46.04345773,61.07372594,vertical,"(1853.5, 1093.5)","(0, 0)",1829,1062,1
-,100,"[(1875, 1121), (1874, 1134), (1829, 1132), (1830, 1119)]","{'Width': 46, 'Height': 15, 'Left': 1829, 'Top': 1119}","(13.0, -0.044, 13.0, -0.044)",45.04442252,13.03840481,vertical,"(1852.0, 1126.5)","(0, 0)",1829,1119,1
LLO,100,"[(1830, 1207), (1865, 1208), (1865, 1220), (1830, 1219)]","{'Width': 35, 'Height': 13, 'Left': 1830, 'Top': 1207}","(-0.029, 1000.0, -0.029, 1000.0)",12.0,35.0142828,horizontal,"(1847.5, 1213.5)","(0, 0)",1830,1207,0
808.51,100,"[(1832, 1180), (1902, 1181), (1902, 1204), (1832, 1203)]","{'Width': 70, 'Height': 24, 'Left': 1832, 'Top': 1180}","(-0.014, 1000.0, -0.014, 1000.0)",23.0,70.00714249,horizontal,"(1867.0, 1192.0)","(0, 0)",1832,1180,0
situation,100,"[(1882, 958), (1878, 1039), (1833, 1037), (1836, 956)]","{'Width': 49, 'Height': 83, 'Left': 1833, 'Top': 956}","(20.25, -0.044, 27.0, -0.043)",45.54394013,81.0771209,vertical,"(1857.25, 997.5)","(0, 0)",1833,956,1
.,100,"[(1879, 1035), (1878, 1050), (1833, 1048), (1834, 1033)]","{'Width': 46, 'Height': 17, 'Left': 1833, 'Top': 1033}","(15.0, -0.044, 15.0, -0.044)",45.04442252,15.03329638,vertical,"(1856.0, 1041.5)","(0, 0)",1833,1033,1
Any,100,"[(1884, 915), (1882, 969), (1837, 967), (1839, 913)]","{'Width': 47, 'Height': 56, 'Left': 1837, 'Top': 913}","(27.0, -0.044, 27.0, -0.044)",45.04442252,54.03702434,vertical,"(1860.5, 941.0)","(0, 0)",1837,913,1
SPEAKING,100,"[(1896, 651), (1885, 894), (1839, 892), (1850, 649)]","{'Width': 57, 'Height': 245, 'Left': 1839, 'Top': 649}","(22.091, -0.043, 22.091, -0.043)",46.04345773,243.2488438,vertical,"(1867.5, 771.5)","(0, 0)",1839,649,1
PUBLIC,100,"[(1904, 466), (1896, 642), (1850, 640), (1858, 464)]","{'Width': 54, 'Height': 178, 'Left': 1850, 'Top': 464}","(22.0, -0.043, 22.0, -0.043)",46.04345773,176.1817244,vertical,"(1877.0, 553.0)","(0, 0)",1850,464,1
brilliant,100,"[(1878, 359), (1877, 427), (1861, 427), (1862, 359)]","{'Width': 17, 'Height': 68, 'Left': 1861, 'Top': 359}","(68.0, 0.0, 68.0, -0.0)",16.0,68.00735254,vertical,"(1869.5, 393.0)","(0, 0)",1861,359,1
at,100,"[(1877, 431), (1877, 450), (1862, 450), (1862, 431)]","{'Width': 15, 'Height': 19, 'Left': 1862, 'Top': 431}","(1000.0, 0.0, 1000.0, -0.0)",15.0,19.0,vertical,"(1869.5, 440.5)","(0, 0)",1862,431,1
SARAH,100,"[(1883, 1101), (1883, 1163), (1868, 1163), (1868, 1101)]","{'Width': 15, 'Height': 62, 'Left': 1868, 'Top': 1101}","(1000.0, 0.0, 1000.0, -0.0)",15.0,62.0,vertical,"(1875.5, 1132.0)","(0, 0)",1868,1101,1
Any,100,"[(1889, 913), (1888, 950), (1870, 950), (1871, 913)]","{'Width': 19, 'Height': 37, 'Left': 1870, 'Top': 913}","(37.0, 0.0, 37.0, -0.0)",18.0,37.01351105,vertical,"(1879.5, 931.5)","(0, 0)",1870,913,1
audience,100,"[(1888, 955), (1887, 1042), (1870, 1042), (1871, 955)]","{'Width': 18, 'Height': 87, 'Left': 1870, 'Top': 955}","(87.0, 0.0, 87.0, -0.0)",17.0,87.00574694,vertical,"(1879.0, 998.5)","(0, 0)",1870,955,1
.,100,"[(1887, 1041), (1887, 1046), (1870, 1046), (1870, 1041)]","{'Width': 17, 'Height': 5, 'Left': 1870, 'Top': 1041}","(1000.0, 0.0, 1000.0, -0.0)",17.0,5.0,vertical,"(1878.5, 1043.5)","(0, 0)",1870,1041,1
How,100,"[(1901, 359), (1900, 398), (1884, 398), (1885, 359)]","{'Width': 17, 'Height': 39, 'Left': 1884, 'Top': 359}","(39.0, 0.0, 39.0, -0.0)",16.0,39.01281841,vertical,"(1892.5, 378.5)","(0, 0)",1884,359,1
be,100,"[(1900, 427), (1900, 452), (1884, 452), (1884, 427)]","{'Width': 16, 'Height': 25, 'Left': 1884, 'Top': 427}","(1000.0, 0.0, 1000.0, -0.0)",16.0,25.0,vertical,"(1892.0, 439.5)","(0, 0)",1884,427,1
to,100,"[(1900, 403), (1900, 423), (1885, 423), (1885, 403)]","{'Width': 15, 'Height': 20, 'Left': 1885, 'Top': 403}","(1000.0, 0.0, 1000.0, -0.0)",15.0,20.0,vertical,"(1892.5, 413.0)","(0, 0)",1885,403,1
WOODIC,100,"[(1915, 1204), (2012, 1206), (2012, 1229), (1915, 1227)]","{'Width': 97, 'Height': 25, 'Left': 1915, 'Top': 1204}","(-0.021, 1000.0, -0.021, 1000.0)",23.0,97.02061637,horizontal,"(1963.5, 1216.5)","(0, 0)",1915,1204,0
808.808.808.5,100,"[(1918, 1181), (2094, 1184), (2094, 1207), (1918, 1204)]","{'Width': 176, 'Height': 26, 'Left': 1918, 'Top': 1181}","(-0.017, 1000.0, -0.017, 1000.0)",23.0,176.0255663,horizontal,"(2006.0, 1194.0)","(0, 0)",1918,1181,0
SPEAKING,100,"[(1942, 927), (1940, 1054), (1919, 1054), (1921, 927)]","{'Width': 23, 'Height': 127, 'Left': 1919, 'Top': 927}","(63.5, 0.0, 63.5, -0.0)",21.0,127.0157471,vertical,"(1930.5, 990.5)","(0, 0)",1919,927,1
TO,100,"[(1963, 868), (1962, 905), (1932, 905), (1933, 868)]","{'Width': 31, 'Height': 37, 'Left': 1932, 'Top': 868}","(37.0, 0.0, 37.0, -0.0)",30.0,37.01351105,vertical,"(1947.5, 886.5)","(0, 0)",1932,868,1
guide,100,"[(1965, 764), (1964, 843), (1933, 843), (1934, 764)]","{'Width': 32, 'Height': 79, 'Left': 1933, 'Top': 764}","(79.0, 0.0, 79.0, -0.0)",31.0,79.00632886,vertical,"(1949.0, 803.5)","(0, 0)",1933,764,1
practical,100,"[(1967, 623), (1965, 741), (1934, 741), (1936, 623)]","{'Width': 33, 'Height': 118, 'Left': 1934, 'Top': 623}","(59.0, 0.0, 59.0, -0.0)",31.0,118.0169479,vertical,"(1950.5, 682.0)","(0, 0)",1934,623,1
A,100,"[(1967, 570), (1967, 592), (1937, 592), (1937, 570)]","{'Width': 30, 'Height': 22, 'Left': 1937, 'Top': 570}","(1000.0, 0.0, 1000.0, -0.0)",30.0,22.0,vertical,"(1952.0, 581.0)","(0, 0)",1937,570,1
CONFIDENT,100,"[(1968, 929), (1965, 1081), (1944, 1081), (1947, 929)]","{'Width': 24, 'Height': 152, 'Left': 1944, 'Top': 929}","(50.667, 0.0, 50.667, -0.0)",21.0,152.0296024,vertical,"(1956.0, 1005.0)","(0, 0)",1944,929,1
OCCASION,100,"[(2024, 892), (2019, 1165), (1987, 1164), (1992, 891)]","{'Width': 37, 'Height': 274, 'Left': 1987, 'Top': 891}","(54.6, -0.031, 54.6, -0.031)",32.01562119,273.0457837,vertical,"(2005.5, 1028.0)","(0, 0)",1987,891,1
RISING,100,"[(2025, 659), (2023, 831), (1995, 831), (1997, 659)]","{'Width': 30, 'Height': 172, 'Left': 1995, 'Top': 659}","(86.0, 0.0, 86.0, -0.0)",28.0,172.0116275,vertical,"(2010.0, 745.0)","(0, 0)",1995,659,1
THE,100,"[(2007, 847), (2007, 877), (1997, 877), (1997, 847)]","{'Width': 10, 'Height': 30, 'Left': 1997, 'Top': 847}","(1000.0, 0.0, 1000.0, -0.0)",10.0,30.0,vertical,"(2002.0, 862.0)","(0, 0)",1997,847,1
DICKSON,100,"[(2012, 503), (2011, 610), (1999, 610), (2000, 503)]","{'Width': 13, 'Height': 107, 'Left': 1999, 'Top': 503}","(107.0, 0.0, 107.0, -0.0)",12.0,107.0046728,vertical,"(2005.5, 556.5)","(0, 0)",1999,503,1
TO,100,"[(2021, 853), (2021, 872), (2011, 872), (2011, 853)]","{'Width': 10, 'Height': 19, 'Left': 2011, 'Top': 853}","(1000.0, 0.0, 1000.0, -0.0)",10.0,19.0,vertical,"(2016.0, 862.5)","(0, 0)",2011,853,1
PAUL,100,"[(2030, 529), (2028, 586), (2016, 586), (2018, 529)]","{'Width': 14, 'Height': 57, 'Left': 2016, 'Top': 529}","(28.5, 0.0, 28.5, -0.0)",12.0,57.03507693,vertical,"(2023.0, 557.5)","(0, 0)",2016,529,1
CHA,100,"[(2036, 1213), (2070, 1215), (2069, 1228), (2035, 1226)]","{'Width': 35, 'Height': 15, 'Left': 2035, 'Top': 1213}","(-0.059, 13.0, -0.059, 13.0)",13.03840481,34.05877273,horizontal,"(2052.5, 1220.5)","(0, 0)",2035,1213,0
Our,100,"[(2088, 990), (2087, 1026), (2045, 1025), (2046, 989)]","{'Width': 43, 'Height': 37, 'Left': 2045, 'Top': 989}","(36.0, -0.024, 36.0, -0.024)",42.01190308,36.01388621,vertical,"(2066.5, 1007.5)","(0, 0)",2045,989,1
World,100,"[(2088, 1026), (2087, 1086), (2045, 1085), (2046, 1025)]","{'Width': 43, 'Height': 61, 'Left': 2045, 'Top': 1025}","(60.0, -0.024, 60.0, -0.024)",42.01190308,60.00833275,vertical,"(2066.5, 1055.5)","(0, 0)",2045,1025,1
Shape,100,"[(2089, 932), (2088, 989), (2046, 988), (2047, 931)]","{'Width': 43, 'Height': 58, 'Left': 2046, 'Top': 931}","(57.0, -0.024, 57.0, -0.024)",42.01190308,57.00877125,vertical,"(2067.5, 960.0)","(0, 0)",2046,931,1
How,100,"[(2091, 829), (2090, 874), (2048, 873), (2049, 828)]","{'Width': 43, 'Height': 46, 'Left': 2048, 'Top': 828}","(45.0, -0.024, 45.0, -0.024)",42.01190308,45.01110974,vertical,"(2069.5, 851.0)","(0, 0)",2048,828,1
Words,100,"[(2090, 872), (2089, 929), (2048, 928), (2049, 871)]","{'Width': 42, 'Height': 58, 'Left': 2048, 'Top': 871}","(57.0, -0.024, 57.0, -0.024)",41.01219331,57.00877125,vertical,"(2069.0, 900.0)","(0, 0)",2048,871,1
Storylines,100,"[(2097, 500), (2092, 788), (2050, 787), (2055, 499)]","{'Width': 47, 'Height': 289, 'Left': 2050, 'Top': 499}","(57.6, -0.024, 57.6, -0.024)",42.01190308,288.0433995,vertical,"(2073.5, 643.5)","(0, 0)",2050,499,1
CHAMBERLIN,100,"[(2074, 357), (2073, 446), (2058, 446), (2059, 357)]","{'Width': 16, 'Height': 89, 'Left': 2058, 'Top': 357}","(89.0, 0.0, 89.0, -0.0)",15.0,89.0056178,vertical,"(2066.0, 401.5)","(0, 0)",2058,357,1
J.EDWARD,100,"[(2094, 364), (2094, 438), (2078, 438), (2078, 364)]","{'Width': 16, 'Height': 74, 'Left': 2078, 'Top': 364}","(1000.0, 0.0, 1000.0, -0.0)",16.0,74.0,vertical,"(2086.0, 401.0)","(0, 0)",2078,364,1
HER,100,"[(2103, 1214), (2138, 1215), (2137, 1228), (2102, 1227)]","{'Width': 36, 'Height': 14, 'Left': 2102, 'Top': 1214}","(-0.029, 13.0, -0.029, 13.0)",13.03840481,35.0142828,horizontal,"(2120.0, 1221.0)","(0, 0)",2102,1214,0
808.54,100,"[(2103, 1185), (2174, 1186), (2174, 1208), (2103, 1207)]","{'Width': 71, 'Height': 23, 'Left': 2103, 'Top': 1185}","(-0.014, 1000.0, -0.014, 1000.0)",22.0,71.0070419,horizontal,"(2138.5, 1196.5)","(0, 0)",2103,1185,0
AGE,100,"[(2151, 918), (2150, 951), (2108, 949), (2109, 916)]","{'Width': 43, 'Height': 35, 'Left': 2108, 'Top': 916}","(33.0, -0.048, 33.0, -0.048)",42.04759208,33.01514804,vertical,"(2129.5, 933.5)","(0, 0)",2108,916,1
MEDIA,100,"[(2154, 862), (2152, 917), (2109, 915), (2111, 860)]","{'Width': 45, 'Height': 57, 'Left': 2109, 'Top': 860}","(27.5, -0.047, 27.5, -0.047)",43.0464865,55.03635162,vertical,"(2131.5, 888.5)","(0, 0)",2109,860,1
DIGITAL,100,"[(2156, 793), (2153, 857), (2111, 855), (2114, 791)]","{'Width': 45, 'Height': 66, 'Left': 2111, 'Top': 791}","(21.333, -0.048, 21.333, -0.048)",42.04759208,64.07027392,vertical,"(2133.5, 824.0)","(0, 0)",2111,791,1
THE,100,"[(2158, 755), (2157, 790), (2114, 788), (2115, 753)]","{'Width': 44, 'Height': 37, 'Left': 2114, 'Top': 753}","(35.0, -0.047, 35.0, -0.047)",43.0464865,35.0142828,vertical,"(2136.0, 771.5)","(0, 0)",2114,753,1
IN,100,"[(2159, 727), (2158, 754), (2115, 752), (2116, 725)]","{'Width': 44, 'Height': 29, 'Left': 2115, 'Top': 725}","(27.0, -0.047, 27.0, -0.047)",43.0464865,27.01851217,vertical,"(2137.0, 739.5)","(0, 0)",2115,725,1
DILEMMA,100,"[(2165, 571), (2160, 703), (2118, 701), (2123, 569)]","{'Width': 47, 'Height': 134, 'Left': 2118, 'Top': 569}","(26.4, -0.048, 26.4, -0.048)",42.04759208,132.094663,vertical,"(2141.5, 636.0)","(0, 0)",2118,569,1
STORYTELLER'S,100,"[(2175, 328), (2166, 561), (2123, 559), (2132, 326)]","{'Width': 52, 'Height': 235, 'Left': 2123, 'Top': 326}","(25.889, -0.047, 25.889, -0.047)",43.0464865,233.173755,vertical,"(2149.0, 443.5)","(0, 0)",2123,326,1
HERNANDEZ,100,"[(2149, 1070), (2148, 1183), (2124, 1183), (2125, 1070)]","{'Width': 25, 'Height': 113, 'Left': 2124, 'Top': 1070}","(113.0, 0.0, 113.0, -0.0)",24.0,113.0044247,vertical,"(2136.5, 1126.5)","(0, 0)",2124,1070,1
LOUIS,100,"[(2149, 1008), (2148, 1061), (2125, 1061), (2126, 1008)]","{'Width': 24, 'Height': 53, 'Left': 2125, 'Top': 1008}","(53.0, 0.0, 53.0, -0.0)",23.0,53.00943312,vertical,"(2137.0, 1034.5)","(0, 0)",2125,1008,1
THE,100,"[(2178, 260), (2176, 316), (2133, 314), (2135, 258)]","{'Width': 45, 'Height': 58, 'Left': 2133, 'Top': 258}","(28.0, -0.047, 28.0, -0.047)",43.0464865,56.0357029,vertical,"(2155.5, 287.0)","(0, 0)",2133,258,1
CHALLENGES,100,"[(2163, 864), (2162, 964), (2141, 964), (2142, 864)]","{'Width': 22, 'Height': 100, 'Left': 2141, 'Top': 864}","(100.0, 0.0, 100.0, -0.0)",21.0,100.0049999,vertical,"(2152.0, 914.0)","(0, 0)",2141,864,1
OVERCOMING,100,"[(2165, 719), (2164, 819), (2143, 819), (2144, 719)]","{'Width': 22, 'Height': 100, 'Left': 2143, 'Top': 719}","(100.0, 0.0, 100.0, -0.0)",21.0,100.0049999,vertical,"(2154.0, 769.0)","(0, 0)",2143,719,1
THE,100,"[(2163, 827), (2163, 858), (2143, 858), (2143, 827)]","{'Width': 20, 'Height': 31, 'Left': 2143, 'Top': 827}","(1000.0, 0.0, 1000.0, -0.0)",20.0,31.0,vertical,"(2153.0, 842.5)","(0, 0)",2143,827,1
PEO,100,"[(2183, 1162), (2242, 1163), (2242, 1185), (2183, 1184)]","{'Width': 59, 'Height': 23, 'Left': 2183, 'Top': 1162}","(-0.017, 1000.0, -0.017, 1000.0)",22.0,59.00847397,horizontal,"(2212.5, 1173.5)","(0, 0)",2183,1162,0
STORYTELLIN,100,"[(2228, 938), (2225, 1036), (2195, 1035), (2198, 937)]","{'Width': 33, 'Height': 99, 'Left': 2195, 'Top': 937}","(32.667, -0.033, 32.667, -0.033)",30.01666204,98.04590761,vertical,"(2211.5, 986.5)","(0, 0)",2195,937,1
OF,100,"[(2228, 912), (2227, 936), (2198, 935), (2199, 911)]","{'Width': 30, 'Height': 25, 'Left': 2198, 'Top': 911}","(24.0, -0.034, 24.0, -0.034)",29.01723626,24.0208243,vertical,"(2213.0, 923.5)","(0, 0)",2198,911,1
JOY,100,"[(2229, 877), (2228, 910), (2199, 909), (2200, 876)]","{'Width': 30, 'Height': 34, 'Left': 2199, 'Top': 876}","(33.0, -0.034, 33.0, -0.034)",29.01723626,33.01514804,vertical,"(2214.0, 893.0)","(0, 0)",2199,876,1
ON,100,"[(2231, 817), (2230, 839), (2200, 838), (2201, 816)]","{'Width': 31, 'Height': 23, 'Left': 2200, 'Top': 816}","(22.0, -0.033, 22.0, -0.033)",30.01666204,22.02271555,vertical,"(2215.5, 827.5)","(0, 0)",2200,816,1
THE,100,"[(2230, 844), (2229, 875), (2200, 874), (2201, 843)]","{'Width': 30, 'Height': 32, 'Left': 2200, 'Top': 843}","(31.0, -0.034, 31.0, -0.034)",29.01723626,31.01612484,vertical,"(2215.0, 859.0)","(0, 0)",2200,843,1
CAMP,100,"[(2233, 768), (2232, 812), (2202, 811), (2203, 767)]","{'Width': 31, 'Height': 45, 'Left': 2202, 'Top': 767}","(44.0, -0.033, 44.0, -0.033)",30.01666204,44.01136217,vertical,"(2217.5, 789.5)","(0, 0)",2202,767,1
VAN,100,"[(2234, 732), (2233, 763), (2203, 762), (2204, 731)]","{'Width': 31, 'Height': 32, 'Left': 2203, 'Top': 731}","(31.0, -0.033, 31.0, -0.033)",30.01666204,31.01612484,vertical,"(2218.5, 747.0)","(0, 0)",2203,731,1
RICHARD,100,"[(2236, 658), (2234, 728), (2204, 727), (2206, 657)]","{'Width': 32, 'Height': 71, 'Left': 2204, 'Top': 657}","(35.0, -0.033, 35.0, -0.033)",30.01666204,70.0285656,vertical,"(2220.0, 692.5)","(0, 0)",2204,657,1
GATHER,100,"[(2241, 477), (2236, 648), (2206, 647), (2211, 476)]","{'Width': 35, 'Height': 172, 'Left': 2206, 'Top': 476}","(34.2, -0.033, 34.2, -0.033)",30.01666204,171.0730838,vertical,"(2223.5, 562.0)","(0, 0)",2206,476,1
808.607,100,"[(2256, 1185), (2339, 1186), (2339, 1199), (2256, 1198)]","{'Width': 83, 'Height': 14, 'Left': 2256, 'Top': 1185}","(-0.012, 1000.0, -0.012, 1000.0)",13.0,83.00602388,horizontal,"(2297.5, 1192.0)","(0, 0)",2256,1185,0
PASCHA,100,"[(2258, 1162), (2362, 1163), (2362, 1186), (2258, 1185)]","{'Width': 104, 'Height': 24, 'Left': 2258, 'Top': 1162}","(-0.01, 1000.0, -0.01, 1000.0)",23.0,104.0048076,horizontal,"(2310.0, 1174.0)","(0, 0)",2258,1162,0
NEIL,100,"[(2288, 1140), (2336, 1147), (2334, 1165), (2285, 1158)]","{'Width': 51, 'Height': 25, 'Left': 2285, 'Top': 1140}","(-0.146, 9.0, -0.143, 6.0)",18.17952893,49.00260301,horizontal,"(2310.75, 1152.5)","(0, 0)",2285,1140,1
AWESOME,100,"[(2357, 549), (2352, 801), (2290, 800), (2295, 548)]","{'Width': 67, 'Height': 253, 'Left': 2290, 'Top': 548}","(50.4, -0.016, 50.4, -0.016)",62.00806399,252.0495983,vertical,"(2323.5, 674.5)","(0, 0)",2290,548,1
BOOK,100,"[(2292, 473), (2366, 474), (2366, 491), (2292, 490)]","{'Width': 74, 'Height': 18, 'Left': 2292, 'Top': 473}","(-0.014, 1000.0, -0.014, 1000.0)",17.0,74.00675645,horizontal,"(2329.0, 482.0)","(0, 0)",2292,473,1
THE,100,"[(2304, 444), (2358, 444), (2358, 461), (2304, 461)]","{'Width': 54, 'Height': 17, 'Left': 2304, 'Top': 444}","(-0.0, 1000.0, 0.0, 1000.0)",17.0,54.0,horizontal,"(2331.0, 452.5)","(0, 0)",2304,444,1
RAN,100,"[(2395, 1236), (2432, 1237), (2432, 1249), (2395, 1248)]","{'Width': 37, 'Height': 13, 'Left': 2395, 'Top': 1236}","(-0.027, 1000.0, -0.027, 1000.0)",12.0,37.01351105,horizontal,"(2413.5, 1242.5)","(0, 0)",2395,1236,0
808.7,100,"[(2396, 1212), (2458, 1213), (2458, 1226), (2396, 1225)]","{'Width': 62, 'Height': 14, 'Left': 2396, 'Top': 1212}","(-0.016, 1000.0, -0.016, 1000.0)",13.0,62.00806399,horizontal,"(2427.0, 1219.0)","(0, 0)",2396,1212,0
Purpose,100,"[(2469, 498), (2461, 654), (2426, 652), (2434, 496)]","{'Width': 43, 'Height': 158, 'Left': 2426, 'Top': 496}","(19.5, -0.057, 19.5, -0.057)",35.05709629,156.2049935,vertical,"(2447.5, 575.0)","(0, 0)",2426,496,1
RANDAZZO,100,"[(2427, 424), (2523, 425), (2523, 440), (2427, 439)]","{'Width': 96, 'Height': 16, 'Left': 2427, 'Top': 424}","(-0.01, 1000.0, -0.01, 1000.0)",15.0,96.00520819,horizontal,"(2475.0, 432.0)","(0, 0)",2427,424,1
COMEDY,100,"[(2443, 845), (2440, 915), (2427, 914), (2430, 845)]","{'Width': 16, 'Height': 70, 'Left': 2427, 'Top': 845}","(23.333, -0.077, 23.0, -0.0)",13.01920241,69.56472141,vertical,"(2435.0, 879.75)","(0, 0)",2427,845,1
IN,100,"[(2444, 822), (2443, 837), (2430, 837), (2431, 822)]","{'Width': 14, 'Height': 15, 'Left': 2430, 'Top': 822}","(15.0, 0.0, 15.0, -0.0)",13.0,15.03329638,vertical,"(2437.0, 829.5)","(0, 0)",2430,822,1
CAREER,100,"[(2447, 749), (2445, 814), (2431, 813), (2433, 748)]","{'Width': 16, 'Height': 66, 'Left': 2431, 'Top': 748}","(32.5, -0.071, 32.5, -0.071)",14.03566885,65.03076195,vertical,"(2439.0, 781.0)","(0, 0)",2431,748,1
BOOKS,100,"[(2451, 1146), (2449, 1204), (2440, 1204), (2442, 1146)]","{'Width': 11, 'Height': 58, 'Left': 2440, 'Top': 1146}","(29.0, 0.0, 29.0, -0.0)",9.0,58.03447251,vertical,"(2445.5, 1175.0)","(0, 0)",2440,1146,1
CHRONICLE,100,"[(2456, 1028), (2452, 1133), (2443, 1133), (2447, 1028)]","{'Width': 13, 'Height': 105, 'Left': 2443, 'Top': 1028}","(26.25, 0.0, 26.25, -0.0)",9.0,105.0761629,vertical,"(2449.5, 1080.5)","(0, 0)",2443,1028,1
UNPREDICTABLE,100,"[(2464, 807), (2459, 942), (2445, 941), (2450, 807)]","{'Width': 19, 'Height': 135, 'Left': 2445, 'Top': 807}","(27.0, -0.071, 26.8, -0.0)",14.01783442,134.592906,vertical,"(2454.5, 874.25)","(0, 0)",2445,807,1
AN,100,"[(2465, 777), (2464, 800), (2450, 799), (2451, 777)]","{'Width': 15, 'Height': 23, 'Left': 2450, 'Top': 777}","(23.0, -0.071, 22.0, -0.0)",14.01783442,22.52222221,vertical,"(2457.5, 788.25)","(0, 0)",2450,777,1
TO,100,"[(2465, 749), (2464, 772), (2451, 772), (2452, 749)]","{'Width': 14, 'Height': 23, 'Left': 2451, 'Top': 749}","(23.0, 0.0, 23.0, -0.0)",13.0,23.02172887,vertical,"(2458.0, 760.5)","(0, 0)",2451,749,1
GUIDE,100,"[(2479, 883), (2477, 933), (2464, 932), (2466, 883)]","{'Width': 15, 'Height': 50, 'Left': 2464, 'Top': 883}","(25.0, -0.077, 24.5, -0.0)",13.01920241,49.54039168,vertical,"(2471.5, 907.75)","(0, 0)",2464,883,1
DEFINITIVE,100,"[(2482, 788), (2479, 876), (2467, 876), (2470, 788)]","{'Width': 15, 'Height': 88, 'Left': 2467, 'Top': 788}","(29.333, 0.0, 29.333, -0.0)",12.0,88.05112151,vertical,"(2474.5, 832.0)","(0, 0)",2467,788,1
On,100,"[(2503, 620), (2501, 674), (2469, 673), (2471, 619)]","{'Width': 34, 'Height': 55, 'Left': 2469, 'Top': 619}","(27.0, -0.031, 27.0, -0.031)",32.01562119,54.03702434,vertical,"(2486.0, 646.5)","(0, 0)",2469,619,1
Funny,100,"[(2507, 498), (2503, 612), (2470, 611), (2474, 497)]","{'Width': 37, 'Height': 115, 'Left': 2470, 'Top': 497}","(28.5, -0.03, 28.5, -0.03)",33.01514804,114.0701539,vertical,"(2488.5, 554.5)","(0, 0)",2470,497,1
THE,100,"[(2484, 750), (2483, 781), (2470, 781), (2471, 750)]","{'Width': 14, 'Height': 31, 'Left': 2470, 'Top': 750}","(31.0, 0.0, 31.0, -0.0)",13.0,31.01612484,vertical,"(2477.0, 765.5)","(0, 0)",2470,750,1
SAU,100,"[(2515, 1226), (2550, 1226), (2550, 1237), (2515, 1237)]","{'Width': 35, 'Height': 11, 'Left': 2515, 'Top': 1226}","(-0.0, 1000.0, 0.0, 1000.0)",11.0,35.0,horizontal,"(2532.5, 1231.5)","(0, 0)",2515,1226,0
808.80808,100,"[(2516, 1198), (2623, 1199), (2623, 1215), (2516, 1214)]","{'Width': 107, 'Height': 17, 'Left': 2516, 'Top': 1198}","(-0.009, 1000.0, -0.009, 1000.0)",16.0,107.0046728,horizontal,"(2569.5, 1206.5)","(0, 0)",2516,1198,0
Europe,100,"[(2560, 1071), (2557, 1145), (2535, 1144), (2538, 1070)]","{'Width': 25, 'Height': 75, 'Left': 2535, 'Top': 1070}","(24.667, -0.045, 24.667, -0.045)",22.02271555,74.06078585,vertical,"(2547.5, 1107.5)","(0, 0)",2535,1070,1
Walk,100,"[(2562, 1010), (2560, 1067), (2539, 1066), (2541, 1009)]","{'Width': 23, 'Height': 58, 'Left': 2539, 'Top': 1009}","(28.5, -0.048, 28.5, -0.048)",21.02379604,57.03507693,vertical,"(2550.5, 1038.0)","(0, 0)",2539,1009,1
Writers,100,"[(2565, 929), (2562, 1007), (2541, 1006), (2544, 928)]","{'Width': 24, 'Height': 79, 'Left': 2541, 'Top': 928}","(26.0, -0.048, 26.0, -0.048)",21.02379604,78.05767099,vertical,"(2553.0, 967.5)","(0, 0)",2541,928,1
SAUNTERING,100,"[(2573, 763), (2566, 918), (2544, 917), (2551, 762)]","{'Width': 29, 'Height': 156, 'Left': 2544, 'Top': 762}","(22.143, -0.045, 22.143, -0.045)",22.02271555,155.157984,vertical,"(2558.5, 840.0)","(0, 0)",2544,762,1
:,100,"[(2566, 918), (2566, 924), (2545, 923), (2545, 917)]","{'Width': 21, 'Height': 7, 'Left': 2545, 'Top': 917}","(1000.0, -0.048, 1000.0, -0.048)",21.02379604,6.0,vertical,"(2555.5, 920.5)","(0, 0)",2545,917,1
Minshull,100,"[(2577, 648), (2573, 740), (2552, 739), (2556, 647)]","{'Width': 25, 'Height': 93, 'Left': 2552, 'Top': 647}","(23.0, -0.048, 23.0, -0.048)",21.02379604,92.08691547,vertical,"(2564.5, 693.5)","(0, 0)",2552,647,1
Duncan,100,"[(2581, 563), (2578, 643), (2556, 642), (2559, 562)]","{'Width': 25, 'Height': 81, 'Left': 2556, 'Top': 562}","(26.667, -0.045, 26.667, -0.045)",22.02271555,80.05623024,vertical,"(2568.5, 602.5)","(0, 0)",2556,562,1
PEN,100,"[(2587, 1222), (2622, 1222), (2622, 1234), (2587, 1234)]","{'Width': 35, 'Height': 12, 'Left': 2587, 'Top': 1222}","(-0.0, 1000.0, 0.0, 1000.0)",12.0,35.0,horizontal,"(2604.5, 1228.0)","(0, 0)",2587,1222,0
PENG,100,"[(2621, 1140), (2618, 1183), (2608, 1182), (2611, 1139)]","{'Width': 13, 'Height': 44, 'Left': 2608, 'Top': 1139}","(14.333, -0.1, 14.333, -0.1)",10.04987562,43.10452412,vertical,"(2614.5, 1161.0)","(0, 0)",2608,1139,1
Literature,100,"[(2644, 725), (2640, 809), (2616, 808), (2620, 724)]","{'Width': 28, 'Height': 85, 'Left': 2616, 'Top': 724}","(21.0, -0.042, 21.0, -0.042)",24.0208243,84.09518417,vertical,"(2630.0, 766.5)","(0, 0)",2616,724,1
Migration,100,"[(2648, 637), (2644, 721), (2620, 720), (2624, 636)]","{'Width': 28, 'Height': 85, 'Left': 2620, 'Top': 636}","(21.0, -0.042, 21.0, -0.042)",24.0208243,84.09518417,vertical,"(2634.0, 678.5)","(0, 0)",2620,636,1
of,100,"[(2649, 615), (2648, 637), (2624, 636), (2625, 614)]","{'Width': 25, 'Height': 23, 'Left': 2624, 'Top': 614}","(22.0, -0.042, 22.0, -0.042)",24.0208243,22.02271555,vertical,"(2636.5, 625.5)","(0, 0)",2624,614,1
Book,100,"[(2651, 569), (2649, 613), (2625, 612), (2627, 568)]","{'Width': 26, 'Height': 45, 'Left': 2625, 'Top': 568}","(22.0, -0.042, 22.0, -0.042)",24.0208243,44.04543109,vertical,"(2638.0, 590.5)","(0, 0)",2625,568,1
Penguin,100,"[(2654, 498), (2651, 563), (2627, 562), (2630, 497)]","{'Width': 27, 'Height': 66, 'Left': 2627, 'Top': 497}","(21.667, -0.042, 21.667, -0.042)",24.0208243,65.06919394,vertical,"(2640.5, 530.0)","(0, 0)",2627,497,1
.,100,"[(2627, 1199), (2632, 1199), (2632, 1214), (2627, 1214)]","{'Width': 5, 'Height': 15, 'Left': 2627, 'Top': 1199}","(-0.0, 1000.0, 0.0, 1000.0)",15.0,5.0,horizontal,"(2629.5, 1206.5)","(0, 0)",2627,1199,0
The,100,"[(2656, 461), (2655, 493), (2632, 492), (2633, 460)]","{'Width': 24, 'Height': 33, 'Left': 2632, 'Top': 460}","(32.0, -0.043, 32.0, -0.043)",23.02172887,32.01562119,vertical,"(2644.0, 476.5)","(0, 0)",2632,460,1
808.803,100,"[(2666, 1202), (2747, 1209), (2745, 1225), (2665, 1218)]","{'Width': 82, 'Height': 23, 'Left': 2665, 'Top': 1202}","(-0.086, 8.0, -0.087, 16.0)",16.07786752,80.80378627,horizontal,"(2705.75, 1213.5)","(0, 0)",2665,1202,0
ROH,100,"[(2702, 1240), (2665, 1239), (2665, 1229), (2702, 1230)]","{'Width': 37, 'Height': 11, 'Left': 2665, 'Top': 1229}","(-0.027, 1000.0, -0.027, 1000.0)",10.0,37.01351105,horizontal,"(2683.5, 1234.5)","(0, 0)",2665,1229,0
Freeman,100,"[(2724, 1040), (2718, 1169), (2685, 1167), (2691, 1038)]","{'Width': 39, 'Height': 131, 'Left': 2685, 'Top': 1038}","(21.5, -0.061, 21.5, -0.061)",33.06055051,129.1394595,vertical,"(2704.5, 1103.5)","(0, 0)",2685,1038,1
",",100,"[(2718, 1169), (2717, 1181), (2685, 1179), (2686, 1167)]","{'Width': 33, 'Height': 14, 'Left': 2685, 'Top': 1167}","(12.0, -0.062, 12.0, -0.062)",32.06243908,12.04159458,vertical,"(2701.5, 1174.0)","(0, 0)",2685,1167,1
John,100,"[(2728, 961), (2725, 1031), (2692, 1029), (2695, 959)]","{'Width': 36, 'Height': 72, 'Left': 2692, 'Top': 959}","(23.333, -0.061, 23.333, -0.061)",33.06055051,70.06425622,vertical,"(2710.0, 995.0)","(0, 0)",2692,959,1
Home,100,"[(2754, 684), (2747, 814), (2704, 811), (2711, 682)]","{'Width': 50, 'Height': 132, 'Left': 2704, 'Top': 682}","(18.571, -0.07, 18.429, -0.047)",43.07550531,129.689054,vertical,"(2729.0, 747.75)","(0, 0)",2704,682,1
:,100,"[(2756, 652), (2755, 668), (2712, 666), (2713, 650)]","{'Width': 44, 'Height': 18, 'Left': 2712, 'Top': 650}","(16.0, -0.047, 16.0, -0.047)",43.0464865,16.03121954,vertical,"(2734.0, 659.0)","(0, 0)",2712,650,1
Freeman's,100,"[(2771, 394), (2757, 645), (2713, 642), (2727, 391)]","{'Width': 58, 'Height': 254, 'Left': 2713, 'Top': 391}","(17.929, -0.068, 17.929, -0.068)",44.10215414,251.390135,vertical,"(2742.0, 518.0)","(0, 0)",2713,391,1
SHAMBHAL,100,"[(2774, 1270), (2832, 1272), (2832, 1281), (2774, 1279)]","{'Width': 58, 'Height': 11, 'Left': 2774, 'Top': 1270}","(-0.034, 1000.0, -0.034, 1000.0)",9.0,58.03447251,horizontal,"(2803.0, 1275.5)","(0, 0)",2774,1270,0
ERO,100,"[(2793, 1188), (2831, 1190), (2830, 1206), (2792, 1204)]","{'Width': 39, 'Height': 18, 'Left': 2792, 'Top': 1188}","(-0.053, 16.0, -0.053, 16.0)",16.03121954,38.05259518,horizontal,"(2811.5, 1197.0)","(0, 0)",2792,1188,0
808.81,100,"[(2794, 1167), (2842, 1169), (2841, 1185), (2793, 1183)]","{'Width': 49, 'Height': 18, 'Left': 2793, 'Top': 1167}","(-0.042, 16.0, -0.042, 16.0)",16.03121954,48.0416486,horizontal,"(2817.5, 1176.0)","(0, 0)",2793,1167,0
SPIRIT,100,"[(2830, 1039), (2826, 1141), (2807, 1140), (2811, 1038)]","{'Width': 23, 'Height': 103, 'Left': 2807, 'Top': 1038}","(25.5, -0.053, 25.5, -0.053)",19.02629759,102.0784012,vertical,"(2818.5, 1089.5)","(0, 0)",2807,1038,1
EROTIC,100,"[(2836, 901), (2831, 1023), (2812, 1022), (2817, 900)]","{'Width': 24, 'Height': 123, 'Left': 2812, 'Top': 900}","(24.4, -0.053, 24.4, -0.053)",19.02629759,122.102416,vertical,"(2824.0, 961.5)","(0, 0)",2812,900,1
THE,100,"[(2840, 821), (2837, 883), (2817, 882), (2820, 820)]","{'Width': 23, 'Height': 63, 'Left': 2817, 'Top': 820}","(20.667, -0.05, 20.667, -0.05)",20.02498439,62.07253821,vertical,"(2828.5, 851.5)","(0, 0)",2817,820,1
HAMILL,100,"[(2852, 552), (2848, 635), (2830, 634), (2834, 551)]","{'Width': 22, 'Height': 84, 'Left': 2830, 'Top': 551}","(20.75, -0.056, 20.75, -0.056)",18.02775638,83.09632964,vertical,"(2841.0, 593.0)","(0, 0)",2830,551,1
HAF,100,"[(2853, 1215), (2891, 1217), (2890, 1230), (2852, 1228)]","{'Width': 39, 'Height': 15, 'Left': 2852, 'Top': 1215}","(-0.053, 13.0, -0.053, 13.0)",13.03840481,38.05259518,horizontal,"(2871.5, 1222.5)","(0, 0)",2852,1215,0
808.8,100,"[(2854, 1192), (2912, 1196), (2911, 1211), (2853, 1208)]","{'Width': 59, 'Height': 19, 'Left': 2853, 'Top': 1192}","(-0.069, 15.0, -0.052, 16.0)",15.53225796,58.1076509,horizontal,"(2882.5, 1201.75)","(0, 0)",2853,1192,0
Bly,100,"[(2901, 1080), (2898, 1127), (2867, 1125), (2870, 1078)]","{'Width': 34, 'Height': 49, 'Left': 2867, 'Top': 1078}","(15.667, -0.065, 15.667, -0.065)",31.06444913,47.09564736,vertical,"(2884.0, 1102.5)","(0, 0)",2867,1078,1
&,100,"[(2904, 1031), (2902, 1060), (2871, 1058), (2873, 1029)]","{'Width': 33, 'Height': 31, 'Left': 2871, 'Top': 1029}","(14.5, -0.065, 14.5, -0.065)",31.06444913,29.06888371,vertical,"(2887.5, 1044.5)","(0, 0)",2871,1029,1
Barks,100,"[(2911, 934), (2906, 1014), (2874, 1012), (2879, 932)]","{'Width': 37, 'Height': 82, 'Left': 2874, 'Top': 932}","(16.0, -0.062, 16.0, -0.062)",32.06243908,80.15609771,vertical,"(2892.5, 973.0)","(0, 0)",2874,932,1
Green,100,"[(2918, 817), (2912, 907), (2881, 905), (2887, 815)]","{'Width': 37, 'Height': 92, 'Left': 2881, 'Top': 815}","(15.0, -0.065, 15.0, -0.065)",31.06444913,90.19977827,vertical,"(2899.5, 861.0)","(0, 0)",2881,815,1
",",100,"[(2912, 910), (2912, 917), (2881, 915), (2881, 908)]","{'Width': 31, 'Height': 9, 'Left': 2881, 'Top': 908}","(1000.0, -0.065, 1000.0, -0.065)",31.06444913,7.0,vertical,"(2896.5, 912.5)","(0, 0)",2881,908,1
HAFIZ,100,"[(2933, 596), (2924, 730), (2892, 728), (2901, 594)]","{'Width': 41, 'Height': 136, 'Left': 2892, 'Top': 594}","(14.889, -0.062, 14.889, -0.062)",32.06243908,134.3018987,vertical,"(2912.5, 662.0)","(0, 0)",2892,594,1
ILLUMINATED,100,"[(2953, 287), (2934, 575), (2902, 573), (2921, 285)]","{'Width': 51, 'Height': 290, 'Left': 2902, 'Top': 285}","(15.158, -0.062, 15.158, -0.062)",32.06243908,288.6260556,vertical,"(2927.5, 430.0)","(0, 0)",2902,285,1
THE,100,"[(2960, 185), (2955, 266), (2923, 264), (2928, 183)]","{'Width': 37, 'Height': 83, 'Left': 2923, 'Top': 183}","(16.2, -0.062, 16.2, -0.062)",32.06243908,81.15417426,vertical,"(2941.5, 224.5)","(0, 0)",2923,183,1
ARM,100,"[(2942, 1224), (2980, 1228), (2979, 1239), (2941, 1235)]","{'Width': 39, 'Height': 15, 'Left': 2941, 'Top': 1224}","(-0.105, 11.0, -0.105, 11.0)",11.04536102,38.20994635,horizontal,"(2960.5, 1231.5)","(0, 0)",2941,1224,0
808.81,100,"[(2947, 1198), (3011, 1204), (3009, 1217), (2946, 1211)]","{'Width': 65, 'Height': 19, 'Left': 2946, 'Top': 1198}","(-0.094, 6.5, -0.095, 13.0)",13.09567562,63.78285202,horizontal,"(2978.25, 1207.5)","(0, 0)",2946,1198,0
ARMISTICE,100,"[(3023, 787), (3012, 943), (2987, 941), (2998, 785)]","{'Width': 36, 'Height': 158, 'Left': 2987, 'Top': 785}","(14.182, -0.08, 14.182, -0.08)",25.07987241,156.3873396,vertical,"(3005.0, 864.0)","(0, 0)",2987,785,1
DUFFY,100,"[(3039, 568), (3032, 668), (3006, 666), (3013, 566)]","{'Width': 33, 'Height': 102, 'Left': 3006, 'Top': 566}","(14.286, -0.077, 14.286, -0.077)",26.07680962,100.2447006,vertical,"(3022.5, 617.0)","(0, 0)",3006,566,1
-,100,"[(3020, 708), (3019, 729), (3010, 729), (3011, 708)]","{'Width': 10, 'Height': 21, 'Left': 3010, 'Top': 708}","(21.0, 0.0, 21.0, -0.0)",9.0,21.02379604,vertical,"(3015.0, 718.5)","(0, 0)",3010,708,1
ANN,100,"[(3045, 488), (3040, 552), (3015, 550), (3019, 486)]","{'Width': 30, 'Height': 66, 'Left': 3015, 'Top': 486}","(12.8, -0.08, 16.0, -0.077)",25.57834101,64.15994678,vertical,"(3029.75, 519.0)","(0, 0)",3015,486,1
CAROL,100,"[(3053, 376), (3046, 476), (3020, 474), (3027, 374)]","{'Width': 33, 'Height': 102, 'Left': 3020, 'Top': 374}","(14.286, -0.077, 14.286, -0.077)",26.07680962,100.2447006,vertical,"(3036.5, 425.0)","(0, 0)",3020,374,1
POE,100,"[(3036, 1244), (3072, 1247), (3071, 1259), (3035, 1256)]","{'Width': 37, 'Height': 15, 'Left': 3035, 'Top': 1244}","(-0.083, 12.0, -0.083, 12.0)",12.04159458,36.12478374,horizontal,"(3053.5, 1251.5)","(0, 0)",3035,1244,0
808.81,100,"[(3039, 1221), (3112, 1226), (3111, 1240), (3038, 1235)]","{'Width': 74, 'Height': 19, 'Left': 3038, 'Top': 1221}","(-0.068, 14.0, -0.068, 14.0)",14.03566885,73.17103252,horizontal,"(3075.0, 1230.5)","(0, 0)",3038,1221,0
#POETRY,100,"[(3182, 550), (3152, 964), (3058, 957), (3088, 543)]","{'Width': 124, 'Height': 421, 'Left': 3058, 'Top': 543}","(13.8, -0.074, 13.8, -0.074)",94.26027795,415.0855334,vertical,"(3120.0, 753.5)","(0, 0)",3058,543,1
SIMPLY,100,"[(3064, 1197), (3114, 1200), (3113, 1215), (3063, 1212)]","{'Width': 51, 'Height': 18, 'Left': 3063, 'Top': 1197}","(-0.06, 15.0, -0.06, 15.0)",15.03329638,50.08991915,horizontal,"(3088.5, 1206.0)","(0, 0)",3063,1197,1
IDEAS,100,"[(3065, 1179), (3115, 1181), (3114, 1197), (3064, 1195)]","{'Width': 51, 'Height': 18, 'Left': 3064, 'Top': 1179}","(-0.04, 16.0, -0.04, 16.0)",16.03121954,50.03998401,horizontal,"(3089.5, 1188.0)","(0, 0)",3064,1179,1
BIG,100,"[(3067, 1147), (3121, 1150), (3119, 1179), (3065, 1176)]","{'Width': 56, 'Height': 32, 'Left': 3065, 'Top': 1147}","(-0.056, 14.5, -0.056, 14.5)",29.06888371,54.08326913,horizontal,"(3093.0, 1163.0)","(0, 0)",3065,1147,1
AR,100,"[(3144, 1229), (3170, 1231), (3169, 1244), (3143, 1242)]","{'Width': 27, 'Height': 15, 'Left': 3143, 'Top': 1229}","(-0.077, 13.0, -0.077, 13.0)",13.03840481,26.07680962,horizontal,"(3156.5, 1236.5)","(0, 0)",3143,1229,0
HARJO,100,"[(3204, 1021), (3193, 1124), (3164, 1121), (3174, 1018)]","{'Width': 40, 'Height': 106, 'Left': 3164, 'Top': 1018}","(9.364, -0.103, 10.3, -0.1)",29.65219317,103.5350058,vertical,"(3183.75, 1071.0)","(0, 0)",3164,1018,1
JOY,100,"[(3212, 941), (3206, 1004), (3176, 1001), (3182, 938)]","{'Width': 36, 'Height': 66, 'Left': 3176, 'Top': 938}","(10.5, -0.1, 10.5, -0.1)",30.14962686,63.28506933,vertical,"(3194.0, 971.0)","(0, 0)",3176,938,1
SUNRISE,100,"[(3239, 699), (3220, 892), (3189, 889), (3208, 696)]","{'Width': 50, 'Height': 196, 'Left': 3189, 'Top': 696}","(10.158, -0.097, 10.158, -0.097)",31.144823,193.9329781,vertical,"(3214.0, 794.0)","(0, 0)",3189,696,1
AMERICAN,100,"[(3264, 443), (3241, 677), (3211, 674), (3233, 440)]","{'Width': 53, 'Height': 237, 'Left': 3211, 'Top': 440}","(10.174, -0.1, 10.636, -0.097)",30.64722493,235.0797688,vertical,"(3237.25, 558.5)","(0, 0)",3211,440,1
AN,100,"[(3271, 367), (3265, 425), (3235, 422), (3240, 364)]","{'Width': 36, 'Height': 61, 'Left': 3235, 'Top': 364}","(9.667, -0.1, 11.6, -0.097)",30.64722493,58.26231863,vertical,"(3252.75, 394.5)","(0, 0)",3235,364,1
MUS,100,"[(3236, 1232), (3274, 1235), (3273, 1247), (3235, 1244)]","{'Width': 39, 'Height': 15, 'Left': 3235, 'Top': 1232}","(-0.079, 12.0, -0.079, 12.0)",12.04159458,38.11823711,horizontal,"(3254.5, 1239.5)","(0, 0)",3235,1232,0
808,100,"[(3242, 1209), (3277, 1212), (3276, 1224), (3241, 1221)]","{'Width': 36, 'Height': 15, 'Left': 3241, 'Top': 1209}","(-0.086, 12.0, -0.086, 12.0)",12.04159458,35.12833614,horizontal,"(3259.0, 1216.5)","(0, 0)",3241,1209,0
POE,100,"[(3334, 1248), (3370, 1252), (3368, 1266), (3333, 1262)]","{'Width': 37, 'Height': 18, 'Left': 3333, 'Top': 1248}","(-0.111, 7.0, -0.114, 14.0)",14.08890224,35.72468523,horizontal,"(3351.25, 1257.0)","(0, 0)",3333,1248,0
808.81,100,"[(3336, 1224), (3407, 1228), (3406, 1246), (3335, 1243)]","{'Width': 72, 'Height': 22, 'Left': 3335, 'Top': 1224}","(-0.056, 18.0, -0.042, 19.0)",18.52702698,71.0879694,horizontal,"(3371.0, 1235.25)","(0, 0)",3335,1224,0
Sal,100,"[(3360, 532), (3382, 532), (3382, 549), (3360, 549)]","{'Width': 22, 'Height': 17, 'Left': 3360, 'Top': 532}","(-0.0, 1000.0, 0.0, 1000.0)",17.0,22.0,horizontal,"(3371.0, 540.5)","(0, 0)",3360,532,0
The,100,"[(3372, 473), (3385, 472), (3386, 486), (3373, 487)]","{'Width': 14, 'Height': 15, 'Left': 3372, 'Top': 472}","(0.077, -14.0, 0.077, -14.0)",14.03566885,13.03840481,horizontal,"(3379.0, 479.5)","(0, 0)",3372,472,0
Mind,100,"[(3383, 473), (3401, 472), (3402, 485), (3384, 486)]","{'Width': 19, 'Height': 14, 'Left': 3383, 'Top': 472}","(0.056, -13.0, 0.056, -13.0)",13.03840481,18.02775638,horizontal,"(3392.5, 479.0)","(0, 0)",3383,472,0
com,100,"[(3383, 532), (3408, 532), (3408, 549), (3383, 549)]","{'Width': 25, 'Height': 17, 'Left': 3383, 'Top': 532}","(-0.0, 1000.0, 0.0, 1000.0)",17.0,25.0,horizontal,"(3395.5, 540.5)","(0, 0)",3383,532,0
His,100,"[(3401, 472), (3413, 471), (3414, 484), (3402, 485)]","{'Width': 13, 'Height': 14, 'Left': 3401, 'Top': 471}","(0.083, -13.0, 0.083, -13.0)",13.03840481,12.04159458,horizontal,"(3407.5, 478.0)","(0, 0)",3401,471,0
",",100,"[(3406, 532), (3414, 532), (3414, 549), (3406, 549)]","{'Width': 8, 'Height': 17, 'Left': 3406, 'Top': 532}","(-0.0, 1000.0, 0.0, 1000.0)",17.0,8.0,horizontal,"(3410.0, 540.5)","(0, 0)",3406,532,0
you,100,"[(3412, 532), (3427, 532), (3427, 550), (3412, 550)]","{'Width': 15, 'Height': 18, 'Left': 3412, 'Top': 532}","(-0.0, 1000.0, 0.0, 1000.0)",18.0,15.0,horizontal,"(3419.5, 541.0)","(0, 0)",3412,532,0
35,100,"[(3414, 471), (3430, 470), (3431, 483), (3415, 484)]","{'Width': 17, 'Height': 14, 'Left': 3414, 'Top': 470}","(0.062, -13.0, 0.062, -13.0)",13.03840481,16.03121954,horizontal,"(3422.5, 477.0)","(0, 0)",3414,470,0
POE,100,"[(3419, 1251), (3458, 1254), (3457, 1268), (3418, 1265)]","{'Width': 40, 'Height': 17, 'Left': 3418, 'Top': 1251}","(-0.077, 14.0, -0.077, 14.0)",14.03566885,39.11521443,horizontal,"(3438.0, 1259.5)","(0, 0)",3418,1251,0
808.819,100,"[(3421, 1228), (3502, 1232), (3501, 1251), (3420, 1247)]","{'Width': 82, 'Height': 23, 'Left': 3420, 'Top': 1228}","(-0.049, 19.0, -0.049, 19.0)",19.02629759,81.09870529,horizontal,"(3461.0, 1239.5)","(0, 0)",3420,1228,0
find,100,"[(3424, 533), (3441, 533), (3441, 550), (3424, 550)]","{'Width': 17, 'Height': 17, 'Left': 3424, 'Top': 533}","(-0.0, 1000.0, 0.0, 1000.0)",17.0,17.0,horizontal,"(3432.5, 541.5)","(0, 0)",3424,533,0
CLIFFS,100,"[(3429, 407), (3506, 399), (3509, 436), (3433, 444)]","{'Width': 80, 'Height': 45, 'Left': 3429, 'Top': 399}","(0.104, -12.333, 0.105, -9.25)",37.16850526,76.91718082,horizontal,"(3469.25, 421.5)","(0, 0)",3429,399,0
Full,100,"[(3436, 470), (3449, 469), (3450, 482), (3437, 483)]","{'Width': 14, 'Height': 14, 'Left': 3436, 'Top': 469}","(0.077, -13.0, 0.077, -13.0)",13.03840481,13.03840481,horizontal,"(3443.0, 476.0)","(0, 0)",3436,469,0
THE,100,"[(3439, 353), (3486, 347), (3490, 378), (3443, 385)]","{'Width': 51, 'Height': 38, 'Left': 3439, 'Top': 347}","(0.128, -7.75, 0.149, -8.0)",31.7530151,47.44992422,horizontal,"(3464.5, 365.75)","(0, 0)",3439,347,0
yourself,100,"[(3440, 533), (3471, 534), (3471, 551), (3440, 550)]","{'Width': 31, 'Height': 18, 'Left': 3440, 'Top': 533}","(-0.032, 1000.0, -0.032, 1000.0)",17.0,31.01612484,horizontal,"(3455.5, 542.0)","(0, 0)",3440,533,0
&&,100,"[(3449, 469), (3458, 469), (3459, 483), (3450, 483)]","{'Width': 10, 'Height': 14, 'Left': 3449, 'Top': 469}","(-0.0, -14.0, 0.0, -14.0)",14.03566885,9.0,horizontal,"(3454.0, 476.0)","(0, 0)",3449,469,0
telling,100,"[(3460, 469), (3487, 468), (3488, 481), (3461, 482)]","{'Width': 28, 'Height': 14, 'Left': 3460, 'Top': 468}","(0.037, -13.0, 0.037, -13.0)",13.03840481,27.01851217,horizontal,"(3474.0, 475.0)","(0, 0)",3460,468,0
caning,100,"[(3467, 533), (3505, 534), (3505, 552), (3467, 551)]","{'Width': 38, 'Height': 19, 'Left': 3467, 'Top': 533}","(-0.026, 1000.0, -0.026, 1000.0)",18.0,38.01315562,horizontal,"(3486.0, 542.5)","(0, 0)",3467,533,0
MINPK,100,"[(3485, 346), (3565, 335), (3570, 367), (3489, 378)]","{'Width': 85, 'Height': 43, 'Left': 3485, 'Top': 335}","(0.138, -6.4, 0.136, -8.0)",32.31865024,81.2481051,horizontal,"(3527.25, 356.5)","(0, 0)",3485,335,0
per,100,"[(3485, 468), (3505, 467), (3506, 480), (3486, 481)]","{'Width': 21, 'Height': 14, 'Left': 3485, 'Top': 467}","(0.05, -13.0, 0.05, -13.0)",13.03840481,20.02498439,horizontal,"(3495.5, 474.0)","(0, 0)",3485,467,0
FRAISE,100,"[(3493, 300), (3536, 296), (3538, 317), (3495, 321)]","{'Width': 45, 'Height': 25, 'Left': 3493, 'Top': 296}","(0.093, -10.5, 0.093, -10.5)",21.09502311,43.18564576,horizontal,"(3515.5, 308.5)","(0, 0)",3493,296,0
REE,100,"[(3503, 1232), (3543, 1234), (3542, 1253), (3502, 1251)]","{'Width': 41, 'Height': 21, 'Left': 3502, 'Top': 1232}","(-0.05, 19.0, -0.05, 19.0)",19.02629759,40.04996879,horizontal,"(3522.5, 1242.5)","(0, 0)",3502,1232,0
mapped,100,"[(3506, 534), (3535, 534), (3535, 551), (3506, 551)]","{'Width': 29, 'Height': 17, 'Left': 3506, 'Top': 534}","(-0.0, 1000.0, 0.0, 1000.0)",17.0,29.0,horizontal,"(3520.5, 542.5)","(0, 0)",3506,534,0
808.819,100,"[(3508, 1212), (3590, 1219), (3588, 1237), (3506, 1230)]","{'Width': 84, 'Height': 25, 'Left': 3506, 'Top': 1212}","(-0.085, 9.0, -0.085, 9.0)",18.11077028,82.29823813,horizontal,"(3548.0, 1224.5)","(0, 0)",3506,1212,0
OF,100,"[(3509, 400), (3547, 396), (3550, 432), (3513, 436)]","{'Width': 41, 'Height': 40, 'Left': 3509, 'Top': 396}","(0.105, -12.0, 0.108, -9.0)",36.17316214,37.71276724,horizontal,"(3529.75, 416.0)","(0, 0)",3509,396,0
and,100,"[(3535, 534), (3548, 534), (3548, 552), (3535, 552)]","{'Width': 13, 'Height': 18, 'Left': 3535, 'Top': 534}","(-0.0, 1000.0, 0.0, 1000.0)",18.0,13.0,horizontal,"(3541.5, 543.0)","(0, 0)",3535,534,0
37131,100,"[(3543, 320), (3577, 315), (3579, 334), (3546, 339)]","{'Width': 36, 'Height': 24, 'Left': 3543, 'Top': 315}","(0.147, -9.5, 0.152, -6.333)",19.17017862,33.87115955,horizontal,"(3561.25, 327.0)","(0, 0)",3543,315,0
FALL,100,"[(3549, 395), (3609, 389), (3612, 426), (3553, 432)]","{'Width': 63, 'Height': 43, 'Left': 3549, 'Top': 389}","(0.1, -12.333, 0.102, -9.25)",37.16850526,59.80177687,horizontal,"(3580.75, 410.5)","(0, 0)",3549,389,0
guided,100,"[(3550, 535), (3572, 535), (3572, 552), (3550, 552)]","{'Width': 22, 'Height': 17, 'Left': 3550, 'Top': 535}","(-0.0, 1000.0, 0.0, 1000.0)",17.0,22.0,horizontal,"(3561.0, 543.5)","(0, 0)",3550,535,0
*****,100,"[(3601, 933), (3574, 1149), (3552, 1147), (3579, 930)]","{'Width': 49, 'Height': 219, 'Left': 3552, 'Top': 930}","(8.0, -0.091, 8.037, -0.136)",22.14716267,218.1771157,vertical,"(3576.5, 1039.75)","(0, 0)",3552,930,0
Parkdale,100,"[(3568, 335), (3639, 325), (3644, 357), (3572, 367)]","{'Width': 76, 'Height': 42, 'Left': 3568, 'Top': 325}","(0.141, -6.4, 0.139, -8.0)",32.31865024,72.19594723,horizontal,"(3605.75, 346.0)","(0, 0)",3568,325,0
119,100,"[(3580, 315), (3602, 312), (3604, 331), (3583, 334)]","{'Width': 24, 'Height': 22, 'Left': 3580, 'Top': 312}","(0.136, -9.5, 0.143, -6.333)",19.17017862,21.70840337,horizontal,"(3592.25, 323.0)","(0, 0)",3580,312,0
148,100,"[(3602, 312), (3627, 309), (3629, 327), (3605, 331)]","{'Width': 27, 'Height': 22, 'Left': 3602, 'Top': 309}","(0.12, -9.0, 0.167, -6.333)",18.67307717,24.75520337,horizontal,"(3615.75, 319.75)","(0, 0)",3602,309,0
***,100,"[(3642, 600), (3629, 710), (3609, 708), (3622, 598)]","{'Width': 33, 'Height': 112, 'Left': 3609, 'Top': 598}","(8.462, -0.1, 8.462, -0.1)",20.09975124,110.7655181,vertical,"(3625.5, 654.0)","(0, 0)",3609,598,0
with,100,"[(3610, 536), (3629, 536), (3629, 553), (3610, 553)]","{'Width': 19, 'Height': 17, 'Left': 3610, 'Top': 536}","(-0.0, 1000.0, 0.0, 1000.0)",17.0,19.0,horizontal,"(3619.5, 544.5)","(0, 0)",3610,536,0
MIN,100,"[(3613, 1222), (3654, 1226), (3652, 1243), (3612, 1239)]","{'Width': 42, 'Height': 21, 'Left': 3612, 'Top': 1222}","(-0.098, 8.5, -0.1, 17.0)",17.07331457,40.69708117,horizontal,"(3632.75, 1232.5)","(0, 0)",3612,1222,0
808.819,100,"[(3618, 1199), (3700, 1206), (3698, 1221), (3617, 1214)]","{'Width': 83, 'Height': 22, 'Left': 3617, 'Top': 1199}","(-0.085, 7.5, -0.086, 15.0)",15.08302116,81.80007232,horizontal,"(3658.25, 1210.0)","(0, 0)",3617,1199,0
203,100,"[(3624, 309), (3650, 306), (3652, 324), (3627, 328)]","{'Width': 28, 'Height': 22, 'Left': 3624, 'Top': 306}","(0.115, -9.0, 0.16, -6.333)",18.67307717,25.74524123,horizontal,"(3638.25, 316.75)","(0, 0)",3624,306,0
things,100,"[(3628, 536), (3653, 536), (3653, 553), (3628, 553)]","{'Width': 25, 'Height': 17, 'Left': 3628, 'Top': 536}","(-0.0, 1000.0, 0.0, 1000.0)",17.0,25.0,horizontal,"(3640.5, 544.5)","(0, 0)",3628,536,0
PINSKY,100,"[(3694, 1034), (3677, 1163), (3646, 1159), (3662, 1030)]","{'Width': 48, 'Height': 133, 'Left': 3646, 'Top': 1030}","(7.588, -0.129, 8.062, -0.125)",31.7530151,130.0518972,vertical,"(3669.75, 1096.5)","(0, 0)",3646,1030,1
t,100,"[(3652, 537), (3658, 537), (3658, 554), (3652, 554)]","{'Width': 6, 'Height': 17, 'Left': 3652, 'Top': 537}","(-0.0, 1000.0, 0.0, 1000.0)",17.0,6.0,horizontal,"(3655.0, 545.5)","(0, 0)",3652,537,0
ROBERT,100,"[(3714, 880), (3696, 1019), (3664, 1015), (3682, 876)]","{'Width': 50, 'Height': 143, 'Left': 3664, 'Top': 876}","(7.722, -0.125, 7.722, -0.125)",32.24903099,140.1606221,vertical,"(3689.0, 947.5)","(0, 0)",3664,876,1
EXTREMES,100,"[(3680, 763), (3761, 770), (3759, 786), (3679, 779)]","{'Width': 82, 'Height': 23, 'Left': 3679, 'Top': 763}","(-0.086, 8.0, -0.087, 16.0)",16.07786752,80.80378627,horizontal,"(3719.75, 774.5)","(0, 0)",3679,763,1
FEELING,100,"[(3682, 822), (3747, 832), (3744, 850), (3679, 840)]","{'Width': 68, 'Height': 28, 'Left': 3679, 'Top': 822}","(-0.154, 6.0, -0.154, 6.0)",18.24828759,65.76473219,horizontal,"(3713.0, 836.0)","(0, 0)",3679,822,1
FALL,100,"[(3750, 552), (3736, 663), (3694, 658), (3707, 547)]","{'Width': 56, 'Height': 116, 'Left': 3694, 'Top': 547}","(7.929, -0.119, 8.538, -0.116)",42.7931468,111.819034,vertical,"(3721.75, 605.0)","(0, 0)",3694,547,1
AT,100,"[(3697, 735), (3725, 737), (3724, 753), (3696, 751)]","{'Width': 29, 'Height': 18, 'Left': 3696, 'Top': 735}","(-0.071, 16.0, -0.071, 16.0)",16.03121954,28.0713377,horizontal,"(3710.5, 744.0)","(0, 0)",3696,735,1
BY,100,"[(3713, 1053), (3710, 1076), (3697, 1074), (3700, 1051)]","{'Width': 16, 'Height': 25, 'Left': 3697, 'Top': 1051}","(7.667, -0.154, 7.667, -0.154)",13.15294644,23.19482701,vertical,"(3705.0, 1063.5)","(0, 0)",3697,1051,1
EDITED,100,"[(3724, 969), (3715, 1041), (3701, 1040), (3710, 967)]","{'Width': 23, 'Height': 74, 'Left': 3701, 'Top': 967}","(8.0, -0.071, 8.111, -0.143)",14.08890224,73.05651096,vertical,"(3712.5, 1004.25)","(0, 0)",3701,967,1
OF,100,"[(3760, 472), (3753, 534), (3710, 528), (3717, 467)]","{'Width': 50, 'Height': 67, 'Left': 3710, 'Top': 467}","(8.857, -0.14, 8.714, -0.116)",43.35315417,61.89711785,vertical,"(3735.0, 500.25)","(0, 0)",3710,467,1
OF,100,"[(3711, 800), (3736, 802), (3735, 814), (3710, 812)]","{'Width': 26, 'Height': 14, 'Left': 3710, 'Top': 800}","(-0.08, 12.0, -0.08, 12.0)",12.04159458,25.07987241,horizontal,"(3723.0, 807.0)","(0, 0)",3710,800,1
CLIFFS,100,"[(3780, 299), (3761, 452), (3720, 447), (3738, 294)]","{'Width': 60, 'Height': 158, 'Left': 3720, 'Top': 294}","(8.053, -0.122, 8.5, -0.119)",41.80016241,154.115205,vertical,"(3749.75, 373.0)","(0, 0)",3720,294,1
BOO,100,"[(3727, 1262), (3762, 1265), (3761, 1277), (3726, 1274)]","{'Width': 36, 'Height': 15, 'Left': 3726, 'Top': 1262}","(-0.086, 12.0, -0.086, 12.0)",12.04159458,35.12833614,horizontal,"(3744.0, 1269.5)","(0, 0)",3726,1262,0
THE,100,"[(3730, 737), (3757, 739), (3756, 755), (3729, 753)]","{'Width': 28, 'Height': 18, 'Left': 3729, 'Top': 737}","(-0.074, 16.0, -0.074, 16.0)",16.03121954,27.07397274,horizontal,"(3743.0, 746.0)","(0, 0)",3729,737,1
808.8N,100,"[(3730, 1237), (3802, 1239), (3802, 1257), (3730, 1255)]","{'Width': 72, 'Height': 20, 'Left': 3730, 'Top': 1237}","(-0.028, 1000.0, -0.028, 1000.0)",18.0,72.02777242,horizontal,"(3766.0, 1247.0)","(0, 0)",3730,1237,0
HAS,100,"[(3786, 569), (3775, 655), (3749, 652), (3760, 566)]","{'Width': 37, 'Height': 89, 'Left': 3749, 'Top': 566}","(7.818, -0.115, 7.818, -0.115)",26.17250466,86.70063437,vertical,"(3767.5, 610.5)","(0, 0)",3749,566,1
PINSK,100,"[(3778, 1169), (3769, 1227), (3752, 1225), (3761, 1166)]","{'Width': 26, 'Height': 61, 'Left': 3752, 'Top': 1166}","(6.444, -0.118, 6.556, -0.176)",17.18995964,59.1883078,vertical,"(3765.0, 1196.75)","(0, 0)",3752,1166,1
ROBERT,100,"[(3791, 1083), (3780, 1154), (3763, 1152), (3774, 1080)]","{'Width': 28, 'Height': 74, 'Left': 3763, 'Top': 1080}","(6.455, -0.118, 6.545, -0.176)",17.18995964,72.34124536,vertical,"(3777.0, 1117.25)","(0, 0)",3763,1080,1
MIND,100,"[(3806, 418), (3789, 545), (3764, 542), (3780, 415)]","{'Width': 42, 'Height': 130, 'Left': 3764, 'Top': 415}","(7.471, -0.12, 7.938, -0.115)",25.67593064,128.0683249,vertical,"(3784.75, 480.0)","(0, 0)",3764,415,1
BY,100,"[(3797, 1046), (3793, 1070), (3777, 1067), (3780, 1043)]","{'Width': 20, 'Height': 27, 'Left': 3777, 'Top': 1043}","(6.0, -0.188, 8.0, -0.176)",16.77074855,24.25891168,vertical,"(3786.75, 1056.5)","(0, 0)",3777,1043,1
THE,100,"[(3820, 312), (3809, 397), (3782, 394), (3793, 309)]","{'Width': 38, 'Height': 88, 'Left': 3782, 'Top': 309}","(7.727, -0.111, 7.727, -0.111)",27.16615541,85.70880935,vertical,"(3801.0, 353.0)","(0, 0)",3782,309,1
EDITED,100,"[(3810, 960), (3799, 1034), (3782, 1032), (3793, 957)]","{'Width': 28, 'Height': 77, 'Left': 3782, 'Top': 957}","(6.727, -0.118, 6.818, -0.176)",17.18995964,75.30773755,vertical,"(3796.0, 995.75)","(0, 0)",3782,957,1
TIMES,100,"[(3838, 773), (3828, 839), (3809, 836), (3819, 770)]","{'Width': 29, 'Height': 69, 'Left': 3809, 'Top': 770}","(6.6, -0.158, 6.6, -0.158)",19.23538406,66.75327707,vertical,"(3823.5, 804.5)","(0, 0)",3809,770,1
819,100,"[(3818, 1218), (3845, 1218), (3845, 1230), (3818, 1230)]","{'Width': 27, 'Height': 12, 'Left': 3818, 'Top': 1218}","(-0.0, 1000.0, 0.0, 1000.0)",12.0,27.0,horizontal,"(3831.5, 1224.0)","(0, 0)",3818,1218,0
HARD,100,"[(3848, 707), (3840, 757), (3822, 755), (3829, 704)]","{'Width': 26, 'Height': 53, 'Left': 3822, 'Top': 704}","(6.25, -0.111, 7.286, -0.158)",18.67307717,51.05705315,vertical,"(3834.75, 730.75)","(0, 0)",3822,704,1
FOR,100,"[(3856, 655), (3850, 694), (3831, 691), (3837, 652)]","{'Width': 25, 'Height': 42, 'Left': 3831, 'Top': 652}","(6.5, -0.158, 6.5, -0.158)",19.23538406,39.45883931,vertical,"(3843.5, 673.0)","(0, 0)",3831,652,1
POETRY,100,"[(3870, 560), (3858, 639), (3839, 636), (3851, 557)]","{'Width': 31, 'Height': 82, 'Left': 3839, 'Top': 557}","(6.583, -0.158, 6.583, -0.158)",19.23538406,79.906195,vertical,"(3854.5, 598.0)","(0, 0)",3839,557,1
OF,100,"[(3877, 517), (3873, 544), (3853, 541), (3857, 514)]","{'Width': 24, 'Height': 30, 'Left': 3853, 'Top': 514}","(6.75, -0.15, 6.75, -0.15)",20.22374842,27.29468813,vertical,"(3865.0, 529.0)","(0, 0)",3853,514,1
BOOK,100,"[(3887, 451), (3879, 504), (3860, 502), (3868, 448)]","{'Width': 27, 'Height': 56, 'Left': 3860, 'Top': 448}","(6.625, -0.105, 6.75, -0.158)",19.17017862,54.09487469,vertical,"(3873.5, 476.25)","(0, 0)",3860,448,1
THE,100,"[(3896, 395), (3890, 436), (3870, 433), (3876, 392)]","{'Width': 26, 'Height': 44, 'Left': 3870, 'Top': 392}","(6.833, -0.15, 6.833, -0.15)",20.22374842,41.43669871,vertical,"(3883.0, 414.0)","(0, 0)",3870,392,1
Son,100,"[(3962, 228), (4030, 228), (4030, 294), (3962, 294)]","{'Width': 68, 'Height': 66, 'Left': 3962, 'Top': 228}","(-0.0, 1000.0, 0.0, 1000.0)",66.0,68.0,horizontal,"(3996.0, 261.0)","(0, 0)",3962,228,0
